"field_formulation_number	",title,"field_formulation_name	",body,field_formulation_industry,field_industry_of_formula,field_formulation benefits,field_formula_composition,Typical Physical Properties,field_formulation_file
配方编号(唯一),配方名称,配方名称（显示）,配方描述,行业 (关联ID),产业,配方优点Key features,配方组成,配方性能,配方文件 （留空）
EDR_Joncryl 8224_wood_1,Joncryl® 8224 High gloss clear topcoat for wood,,,2,,,Joncryl® 8224;Acrylic emulsion;0.75#Hydropalat® WE 3322;Wetting agent;0.004#FoamStar® SI 2280;Defoamer;0.001#Deionized water;;0.194#Dipropylene glycol methyl ether (DPM);Coalescent;0.016#Dipropylene glycol n-butyl ether (DPnB);Coalescent;0.02#Rheovis® PU 1191;Diluted with water 1:1;0.01#DMEA;pH neutrilizer ;0.005#Total ;;1,,
EDR_Joncryl 8227_wood_1,Joncryl® 8227 Clear sealer for wood,,,2,,,Joncryl® 8227;Acrylic emulsion;0.75#FoamStar® SI 2280;Defoamer;0.001#Hydropalat® WE 3220;Wetting agent ;0.005#Dipropylene glycol methyl ether (DPM);Coalescent;0.009#Dipropylene glycol n-butyl ether (DPnB);Coalescent;0.036#Rheovis® PU 1191;Rheologic modifier (diluted with water 1:1);0.003#Deionized water;;0.196#Total;;1,,
EDR_Joncryl 9503 ap_wood_1,Joncryl® 9503 ap Semi-gloss clear topcoat for wood,,,2,,,Joncryl® 9503 ap;Acrylic emulsion;0.9#Diethylene glycol butyl ether;Coalescent;0.05#Rheovis® PU 1250;Rheologic modifier ( 1:1 diluted with water);0.002#Efka® SL 3034;Slip and leveling agent;0.002#Ammonia 25%;pH neutrilizer ;0.002#Deionized water;;0.044#Total ;;1,,
EDR_Joncryl 9503 ap_wood_2,Joncryl® 9503 ap Matte white topcoat for wood,,,2,,,"Joncryl® 9503 ap;Acrylic emulsion;0.3#Joncryl® HPD 296;Acrylic resin solution;0.01#FoamStar® SI 2280;Defoamer ;0.004#Kronos® 2300;Titanium dioxide, Kronos International;0.19#Multifunctional additives;;0.01#Grinding to 30µm;;#Joncryl® 9503 ap;Acrylic emulsion;0.4#Diethylene glycol butyl ether;Coalescent;0.05#Rheovis® PU 1250;Rheologic modifier ( 1:1 diluted with water);0.002#Efka® SL 3034;Slip and leveling agent;0.002#Ammonia 25%;pH neutrilizer ;0.002#Polyethylene wax;;0.02#Deionized water;;0.01#Total;;1",,
EDR_Joncryl 9503 ap_wood_3,Joncryl® 9503 ap Semi-gloss white topcoat for wood,,,2,,,"Joncryl® 9503 ap;Acrylic emulsion;0.3#Joncryl® HPD 296;Acrylic resin solution;0.01#FoamStar® SI 2280;Defoamer ;0.004#Kronos® 2300;Titanium dioxide, Kronos International;0.19#Grinding to 30µm;;#Joncryl® 9503 ap;Acrylic emulsion;0.4#Diethylene glycol butyl ether;Coalescent;0.05#Rheovis® PU 1250;Rheologic modifier ( 1:1 diluted with water);0.002#Efka® SL 3034;Slip and leveling agent;0.002#Ammonia 25%;pH neutrilizer ;0.002#Polyethylene wax;;0.02#Deionized water;;0.02#Total;;1",,
EDR_Joncryl HYB 6345 ap_wood_1,Joncryl® HYB 6345 ap Clear high gloss topcoat for wood,,,2,,,Joncryl® HYB 6345 ap;PUA;0.82#FoamStar® SI 2280;Defoamer ;0.003#Dipropylene glycol n-butyl ether (DPnB);Coalescent;0.06#Ethylene glycol monobutyl ether（BCS);Coalescent;0.005#Deionized water;;0.045#Hydropalat® WE 3220;Wetting agent ;0.003#Rheovis® PU 1291;Rheologic modifier ( 1:1 diluted with water);0.01#Deionized water;;0.054#Total;;1,,
EDR_Joncryl HYB 6345 ap_wood_2,Joncryl® HYB 6345 ap Matt clear topcoat for wood,,,2,,,Deionized water;;0.05#FoamStar® SI 2280;Defoamer ;0.003#Dipropylene glycol n-butyl ether (DPnB);Coalescent;0.06#Ethylene glycol monobutyl ether（BG);Coalescent;0.005#Polymeric wax;;0.03#Hydropalat® WE 3220;Wetting agent ;0.003#Joncryl® HYB 6345 ap;PUA;0.64#1000rpm×20min;;#Joncryl® HYB 6345 ap;PUA;0.174#Deionized water;;0.025#Rheovis® PU 1291;Rheologic modifier ( 1:1 diluted with water);0.01#Total;;1,,
EDR_Joncryl 8330 ap_wood_1,Joncryl® 8330 ap High gloss clear topcoat for wood,,,2,,,Joncryl® 8330 ap ;Acrylic emulsion;0.85#FoamStar® SI 2280;Defoamer ;0.003#Dipropylene glycol n-butyl ether (DPnB);Coalescent;0.06#Ethylene glycol monobutyl ether（BG);Coalescent;0.005#Deionized water;;0.045#Hydropalat® WE 3220;Wetting agent ;0.003#Rheovis® PU 1291;Rheologic modifier ( 1:1 diluted with water);0.01#Deionized water;;0.024#Total;;1,,
EDR_Luhydran S 938 ap_wood_1,Luhydran® S 938 ap White primer for wood,,,2,,,Part A;;#Deionized water;;0.15#Dispex® AA 4141;Dispersant ;0.01#Hydropalat® WE 3650;Wetting agent ;0.004#FoamStar® SI 2280;Defoamer ;0.01#BGA;Coalescent;0.02#Titanium dioxide;;0.06#Talcum (1250M);;0.05#BS1250-Barium sulfate;;0.05#3000-Nepheline syenite;;0.28#Let down;;#Luhydran® S 938 ap;OH fuctional crosslinkable emulsion;0.23#FoamStar® SI 2280;Defoamer ;0.005#Rheovis® PU 1291;Rheologic modifier ( 1:1 diluted with water);0.003#DMEA;pH neutrilizer ;0.002#DBGA;Coalescent;0.007#Deionized water;;0.119#Total;;1#Part B  (OH:NCO=1: 1);;#Basonat® HW 1180 PC;Water-based Polyisocyanates (HDI);0.055,,
EDR_Joncryl 1980_wood_1,Joncryl® 1980 Clear topcoat for wood,,,2,,,Joncryl® 1980;Self - crosslinking acrylic emulsion;0.8#FoamStar® SI 2280;Defoamer;0.001#Dipropylene glycol n-butyl ether (DPnB);Coalescent;0.03#Dipropylene glycol methyl ether (DPM);Coalescent;0.03#DMEA;pH neutrilizer ;0.009#Deionized water;;0.125#Hydropalat® WE 3220;Wetting agent ;0.005#Total;;1,,
EDR_Joncryl 8111 ap_wood_1,Joncryl® 8111 ap Clear primer for wood,,,2,,,Joncryl® 8111 ap;Self - crosslinking acrylic emulsion;0.85#FoamStar® SI 2280;Defoamer ;0.001#Hydropalat® WE 3220;Wetting agent ;0.005#Diethylene glycol monobutyl ether (DBG);Coalescent;0.026#Dipropylene glycol n-butyl ether (DPnB);Coalescent;0.004#Rheovis® PU 1250;Rheologic modifier ( 1:1 diluted with water);0.01#Deionized water;;0.104#Total;;1,,
EDR_Joncryl 8130 ap_wood_1,Joncryl® 8130 ap High gloss clear topcoat for wood,,,2,,,Joncryl® 8130 ap;Acrylic emulsion;0.8#Hydropalat® WE 3221;Wetting agent ;0.005#FoamStar® SI 2280;Defoamer ;0.002#Dipropylene glycol n-butyl ether (DPnB);Coalescent;0.015#Dipropylene glycol methyl ether (DPM);Coalescent;0.015#Rheovis® PU 1191;Rheologic modifier ( 1:1 diluted with water);0.02#Deionized water;;0.143#Total;;1,,
EDR_Acronal PRO 780_industry_1,Acronal® PRO 780 Industrial red primer,,,6,,,"Acronal® PRO 780;Dispersion;0.176#FoamStar® ST 2438;Defoamer ;0.002#Hydropalat® WE 3322;Wetting agent ;0.004#Deionized water;;0.068#Hydropalat® WE 3425;Wetting agent ;0.001#Ammonia, 25%;pH neutrilizer ;0.002#Zinc phosphate;;0.108#Talc;Talcum;0.133#Iron oxide red;;0.099#Fumed Silica;;0.003#Ethylene glycol monobutyl ether ;Coalescent;0.024#Loxanol® CA 5308;Coalescent;0.024#Acronal® PRO 780;Dispersion;0.314#FoamStar® ST 2438;Defoamer ;0.001#Ammonia, 25%;pH neutrilizer ;0.012#Rheovis® PU 1191;Rheologic modifier ( 1:1 diluted with water);0.001#Deionized water;;0.023#Flash rust inhibitor;;0.005#Total;;1",,
EDR_Acronal PRO 8977_industry_1,Acronal® PRO 8977 Industrial white topcoat,,,6,,,Deionized water;;0.06#Dispex® Ultra PX 4575;Dispersant;0.005#Hydropalat® WE 3322;Wetting;0.002#FoamStar® SI 2280;Defoamer;0.001#Titanium dioxide ;;0.18#Acronal® PRO 8977;Dispersion;0.68#FoamStar® SI 2280;Defoamer;0.002#Dipropanediol butyl ether (DPnB);Coalescent;0.04#Deionized water;;0.018#Flash-rust inhibitor;;0.005#Hydropalat® WE 3221;Wetting agent;0.003#Rheovis® PU 1291;Rheologic modifier ( 1:1 diluted with water);0.004#Total ;;1,,
EDR_Basonol PU 1035 W_auto_1,Basonol® PU 1035 W Auto OEM primer,,,10,,,"Talc;1250 mesh;0.06#CaCO3;natural calcium carbonate,1500 mesh;0.05#BaSO4;precipicated barium sulphate, 1500 mesh;0.06#Titanium dioxide ;;0.073#Carbon black;;0.001#Anti-settling agent;;0.002#Dispex® AA 4141;Dispersant;0.004#Deionized water;;0.106#FoamStar® ST 2400;Defoamer;0.001#Let down;;#Luwipal® 072;Amino resin;0.039#Basonol® PU 1035 W;OH functional aliphatic polyurethane;0.45#Deionized water;;0.095#BDG, BDGA，etc;Coalescent;0.021#FoamStar® ST 2400;Defoamer;0.005#Hydropalat® WE 3650;Wetting agent ;0.006#DMEA ;pH neutrilizer (1:9 diluted with water);0.007#Rheovis® AS 1130;Rheologic modifier (1:2 diluted with water);0.02#Total;;1",,
EDR_Basonol PU 1035 W_auto_2,Basonol® PU 1035 W Auto OEM white basecoat,,,10,,,"Titanium dioxide ;;0.18#Deionized water;;0.12#Dispex® Ultra PX 4575;Dispersant;0.012#Hydropalat® WE 3650;Wetting agent ;0.003#FoamStar® ST 2400;Defoamer;0.003#Anti-settling agent;;0.002#Let down;;#Luwipal® 072;Amino resin;0.045#Basonol® PU 1035 W;OH functional aliphatic polyurethane;0.376#Deionized water;;0.14#DPnB, Diethylene glycol butyl ether acetate;Coalescent;0.084#Hydropalat® WE 3650;Wetting agent ;0.003#FoamStar® ST 2400;Defoamer;0.003#DMEA;pH neutrilizer (1:9 diluted with water);0.01#Rheovis® AS 1130;Rheologic modifier (1:2 diluted with water);0.015#DMEA;pH neutrilizer (1:9 diluted with water);0.004#Total;;1",,
EDR_Joncryl OH 8770 AP_wood_1,Joncryl® OH 8770 AP Clear topcoat for wood,,,2,,,"Part A ;;#Joncryl® OH 8770 AP;OH functional acrylic;0.78#DMEA(1:1 water);pH neutrilizer ;~0.24 % #Hydropalat® WE 3221;Wetting agent ;0.005#FoamStar® SI 2280;Defoamer;0.002#BDG;Coalescent;0.07#Rheovis® PU 1191;Rheologic modifier (10% in water);0.005#Deionized water;;13.8 pars#Total;;1#Part B (OH:NCO=1:1.2);;#Basonat® HW 1180 PC;Water-based Polyisocyanates (HDI), 
can be replaced by Covestro Bayhydur XP 2655;0.196#BDG;Coalescent;0.04",,
EDR_Joncryl OH 8770 AP_wood_2,Joncryl® OH 8770 AP White topcoat for wood,,,2,,,Grinding;;#Deionized water;;0.029#Dispex® Ultra PX 4275;Dispersant;0.01#FoamStar® SI 2280;Defoamer;0.001#Titanium dioxide ;;0.12#Let down;;#Joncryl® OH 8770 AP;OH functional acrylic;0.84#Total ;;1,,
EDR_Joncryl U 5168 X_auto_1,Joncryl® U 5168 X Auto silver basecoat,,,10,,,"Ethylene glycol butyl ether, Propylene Glycol, etc;Coalescent;0.06#Hydropalat® WE 3650;Wetting agent ;0.008#Dispex® Ultra FA 4425;Dispersant;0.005#FoamStar® ST 2400;Defoamer;0.002#Deionized water;;0.319#Aluminum silver paste;;0.084#10% DMEA;pH neutrilizer ;0.023#Joncryl® U 5168 X;PUD;0.385#Tinuvin® 1130;Light Stabilizer, (diluted 1:1with BG);0.004#Rheovis® AS 1130;Rheologic modifier (1:2 diluted with water);0.035#Pigment orientation agent;;0.075#Total ;;1",,
EDR_1170 B 980-B_auto_1,High solid clear-formula of Basonol® HPE 1170 B and Joncryl® RPD 980-B,,,10,,,"Joncryl® RPD 980-B;Acrylic Polyol, could be replaced by Joncryl® 507;0.378#Joncryl® RPD 950-B;Acrylic Polyol;0.05#Basonol® HPE 1170 B;OH functional hyperbranched polyester;0.06#Butyl acetate;Solvent ;0.23#Efka® FL 3770;Rheology modifier;0.002#Tinuvin® 5151;Light stabilizer;0.01#Drier;;0.02#Butyl acetate etc.;Solvent ;0.047#Basonat® HI 2000 NG;Polyisocyanates (HDI);0.203#Total ;;1",,
EDR_950-B 980-B 507_auto_1,Quick dry clear-formula of Joncryl® RPD 950-B and Joncryl® RPD 980-B or Joncryl® 507,,,10,,,"Joncryl® RPD 950-B;Acrylic Polyol;0.365#Joncryl® RPD 980-B;Acrylic Polyol, could be replaced by Joncryl® 507;0.072#Butyl acetate, xylene, PMA;Solvent ;0.418#Efka® FL 3770;Rheology modifier;0.002#Tinuvin® 5151;Light stabilizer;0.005#Drier;;0.02#Basonat® HI 100 AP;Polyisocyanates (HDI);11.8 pars #Total ;;1",,
EDR_Joncryl OH 8314_industry_1,Joncryl® OH 8314 Industrial 2K WB black DTM starting formulation,,,6,,,"Part A _ Grinding;;#Deionized water;;0.0493#FoamStar® SI 2280;Defoamer;0.0002#Hydropalat® WE 3321;Wetting agent;0.0005#Dispex® Ultra PX 4275;Dispersant;0.03#MA100;Carbon black, Mitsubishi;0.02#Part A _ Let down;;#Joncryl® OH 8314;Acrylic dispersion;0.6#Hydropalat® WE 3321;Wetting agent;0.004#FoamStar® SI 2280;Wetting agent;0.002#Rheovis® PU 1291;Rheology modifier;0.001#Deionized water;;0.088#Part B_ Pre-mix (OH: NCO 1：1.5);;#Basonat® HW 1180 PC;Water-based Polyisocyanates (HDI);0.153#BCS;Coalescent;0.026#DPnB;Coalescent;0.026#Total;;1",";Solid;~40.6%#;Coalescent %on resin solid;~20%#;Finesse;≤15µm#;T4 Cup viscosity （Sec）;38#;pH;8.3#;Gloss(20º/60º);60/85#;7d Hardness;~HB#;Pot Life（25°C,viscosity double);~3.5hr#;salt spray results (DFT 80µm, CRS Q36);~ 500h",
EDR_Joncryl OH 8312 Basonat 2100_auto_1,Joncryl® OH 8312 Auto waterborne 2KPU matt black coating,,,10,,·        Excellent adhesion on different plastic substrates (ABS/PC/ABS+PC);;#·        Excellent chemical resistance;;#·        Good thermal shocking and heat resistance ;;#·        Good humidity resistance;;,"Part A _ Grinding;;#Deionized water;;0.142#FW 200 ;Carbon black, ORION;0.03#FoamStar® SI 2250;Defoamer;0.001#Dispex® Ultra PX 4585;Dispersant;0.027#Part A _ Let down;;#Joncryl® OH 8312;OH dispersion;0.624#FoamStar® SI 2280;Defoamer;0.004#Hydropalat® WE 3321;Wetting agent;0.004#DMEA (50% in DW);pH neutrilizer ;0.004#Syloid® ED 30;Matting agent, GRACE;0.04#DPnB;Coalescent;0.032#DPM;Coalescent;0.008#Deionized water;;0.084#Total;;1#Part B_ Pre-mix (OH: NCO 1:1.5 by solid);;#Basonat HW 2100 CN;Water-based Polyisocyanates (HDI);0.182",;Fineness/μm;≤10#;pH;7.6#;Viscosity (T-4 cup);17.1s#;Pot life;~3 hours#;Gloss (20°/60°);0.8/7.3,
EDR_S 938 Basonat 1180_wood_1,Luhydran® S 938 ap Waterborne 2K matt white topcoat for wood,,,2,,,"Part A _ Grinding;Disperse pigments to a fineness of less than 10µm;#Ti-Pure R-706;titanium dioxide, CHEMOURS;0.217#Hydropalat® WE 3321;Wetting agent;0.0015#FoamStar® SI 2250;defoamer;0.001#Dispex® Ultra PX 4275;Dispersing agent;0.0145#Deionized water;;0.076#Part A _ Let down;;#Luhydran® S 938 ap;OH functional acrylic dispersion;0.538#DMEA (1:1 DI water);pH neutrilizer ;0.007#Efka® SL 3258;leveling/slip agent;0.0035#FoamStar® SI 2280;defoamer;0.0035#Butyl glycol acetate;Coalescent;0.042#Buty diglycol acetate;Coalescent;0.017#Syloid® ED 30;Matting agent, GRACE;0.0345#Deionized water;;0.0445#DPnB;Coalescent;0.026#Total;;1#Part B_ Hardener (OH:NCO  1:1);;#Basonat® HW 1180 PC : BGA (5:1);Water-based Polyisocyanates (HDI);0.16",";PH;7.7#;Pot Life;~4 hours#;Pencil Hardness;H#;Gloss @60º;9.8#;Ethanol (50%, 1 h);Pass#;NaHCO3 (50g/L, 1 h);Pass#;Vinegar (1 h);Pass#;Coffee (40g/L, 1 h);slight trace#;Red wine (1 h);Pass#;Green tea (8g/L, 1 h);Pass#;Water (24 h);Pass",
EDR_High solid solution_auto_1,High solid solution (Yellow) for ACE,,,10,,Enables lower VOC emissions;;#Fast drying and curing;;#Excellent gloss display and Rheological characteristic;;#Good chemical resistance;;,"Grinding ;;#Joncryl® 911;Acrylic polyol;0.042#Butyl acetate;Solvent;0.079#Efka® PX 4310;Dispersant;0.017#Efka® PU 4015;Dispersant;0.004#PY154;Organic yellow pigment;0.054#PY139;Organic yellow pigment;0.021#PY42 ;Inorganic yellow pigment;0.04#TiO2;Titanium dioxide ;0.043#Let down;;#Joncryl® 507;Acrylic polyol;0.05#Joncryl® RPD 980-B;Acrylic polyol;0.33#Efka® FL 3770;Levelling agent;0.001#Efka® FL 3741;Levelling agent;0.001#Efka® PB 2744;Defoamer;0.003#BYK 410;Rheology modifier, BYK;0.002#Butyl acetate;Solvent;0.04#Acetylacetone;Solvent;0.02#MIBK;Solvent;0.095#1% DBTDL;drying catalyst;0.005#Hardener (OH: NCO 1: 1.05 based on solid content);;#Basonat® HI 100 ap;HDI Polyisocyanates ;0.153#Total;;1","Dry film thickness: ~ 55-60µm (Tin plate vertical spray);;#Drying: Flash drying @ RT for 20min + 70ºC * 30min,  curing @RT 7 days;;#;;#;T-4 cup  viscosity ;24 seconds#;solid content ;0.65#;Pot life (@ RT);~2 hours#;Gloss 20°/60°);89/92#;DOI;93#;Drying  @RT : Dust free;1 hour#;Drying  @RT : Through dry;5 hours#;Hardness (7days @RT);B#;Adhesion;5B#;Impact;> 50 kg.cm#;Cupping;>8 mm#;Chemical resistance： 0.05mol/L H2SO4 * 48 h;pass#;Chemical resistance： 0.1mol/L NaOH * 48h;pass#;Oil resistance (SE 15W-40 oil, 48h);pass#;Gasoline resistance  (92#/4h）;Slightly blister, recoverable#;Water resistance  (240h);pass",
EDR_Joncryl 8300 Luwipal 072_auto_1,Joncryl® 8300 and Luwipal® 072 Auto red mono coat formulation,,,10,,,Irgazin® Red L3660HD;Pigment (PR254);0.113461538461538#Dispex® Ultra PX 4585;Dispersant;0.0216346153846154#FoamStar® SI 2280;Defoamer;0.00144230769230769#Deionized water;;0.148076923076923#Dispersing the pigment until fineness below 10µm;;#Joncryl® 8300;Acrylic dispersion ;0.486538461538462#Butyl Glycol;Coalescent;0.0336538461538462#DPnB;Coalescent;0.0625#FoamStar® SI 2280;Defoamer;0.00480769230769231#Deionized water;;0.0144230769230769#Rheovis® PU 1191;Rheology modifier;0.000961538461538462#Rheovis® PU 1291;Rheology modifier;0.00480769230769231#Luwipal® 072;Amino resin;0.0692307692307692#Tinuvin® 123-DW (N);light stabilizer;0.0384615384615385#Total ;;1,";Fineness/μm;≤10#;Gloss (20°);91.3#;Gloss (60°);96.9#;Weathering resistance (Xenon, 2000hours) ΔE ;2.6#;Weathering resistance (Xenon, 2000hours) Gloss retention  20º/60º;92% /99%",
EDR_Joncryl 8300 Luwipal 072_auto_2,Joncryl® 8300 and Luwipal® 072 Auto white mono coat formulation,,,10,,,"Ti-Pure R706;Titanium dioxide, CHEMOURS;0.1875#Dispex® Ultra PX 4575;Dispersant;0.0153846153846154#FoamStar® SI 2280;Defoamer;0.00134615384615385#Hydropalat® WE 3650;Wetting agent;0.000576923076923077#Deionized water;;0.0625#Dispersing the pigment until fineness below 10µm;;#Joncryl® 8300;Acrylic dispersion ;0.486538461538462#Butyl Glycol;Coalescent;0.0403846153846154#DPnB;Coalescent;0.0605769230769231#FoamStar® SI 2280;Defoamer;0.00384615384615385#Deionized water;;0.025#Rheovis® PU 1191;Rheology modifier;0.00240384615384615#Rheovis® PU 1291;Rheology modifier;0.00625#Luwipal® 072;Amino resin;0.0692307692307692#Tinuvin® 9945-DW (N);light stabilizer;0.0144230769230769#Tinuvin® 123-DW (N);light stabilizer;0.0240384615384615#Total ;;1","(on ED panel);;#;;#;Fineness/μm;≤10#;Gloss (20°);81#;Gloss (60°);96#;Adhesion;pass#;Pencil Hardness;H#;Cupping;8mm#;Impact;> 50kg.cm#;Chemical resistance 0.1 N NaOH;pass#;Chemical resistance 0.1 H2SO4;pass#;Chemical resistance Gasoline 93#;pass#;Water resistance (40ºC, 240h);pass#;Humidity test (T47ºC, H96%, 240hours);pass#;Salt spray results;> 1000hours#;Weathering resistance (QUVA, 2000hours) ΔE ;0.6#;Weathering resistance (QUVA, 2000hours) Gloss retention 20º/60º;91% /104%",
EDG_Joncryl 586_1,Joncryl® 586 typical solution in ammonia,,,5#9,,,Joncryl® 586;;0.25#n-Propanol;;0.15#Ammonia;;0.036#Water;;0.564#Total;;1,,
EDG_Joncryl 586_2,Joncryl® 586 typical solution in DMEA,,,5#9,,,Joncryl® 586;;0.25#DMEA;;0.035#Water;;0.715#Total;;1,,
EDG_Joncryl 586_3,Joncryl® 586 for alkali/water resistant overprint varnish ,,,5#9,,,Joncryl® 586 solution;;0.3#Joncryl® 537-E;;0.54#DEGBE;;0.04#PE WAX emulsion;;0.05#Defoamer;;0.005#Water;;0.065#Total;;1,,
EDG_Joncryl 586_4,Joncryl® 586 for alkali resistant pigment concentrate 1,,,5#9,,,Joncryl® 586 solution;;0.4#Organic pigment;;0.4#Defoamer;;0.005#Water;;0.195#Total;;1,,
EDG_Joncryl 586_5,Joncryl® 586 for alkali/water resistant ink,,,5#9,,,Alkali resistant pigment concentrate;;0.35#Joncryl® 586 solution;;0.15#Joncryl® 537-E;;0.37#DEGBE;;0.025#PE WAX emulsion;;0.05#Defoamer;;0.005#Water;;0.05#Total;;1,,
EDG_Joncryl 67_1,Joncryl® 67 resin soultion for pigment concentrate,,,5,,,Joncryl® 67;;0.3#Organic pigment;;0.35#Dispex® Ultra PX 4585;;0.02#FoamStar® SI 2250;;0.005#Water;;0.325#Total ;;1,,
EDG_Joncryl 678_1,Joncryl® 678 solution,,,5#9,,,Joncryl® 678;;0.32#Ammonia 25 %;;0.089#Water;;0.591#Total;;1,,
EDG_Joncryl 678_2,Joncryl® 678 for general purpose OPV,,,5#9,,,Joncryl® 90;;0.625#Joncryl® 678 solution;;0.265#Solvenon® DPM;;0.025#Hydropalat® WE 3475;;0.03#PE WAX emulsion;;0.05#FoamStar® SI 2201;;0.005#Total ;;1,,
EDG_Joncryl 678_3,Joncryl® 678 for pigment concentrate,,,5#9,,,Joncryl® 678 solution;;0.34#Organic pigment;;0.35#Wetting agent;;0.03#FoamStar® SI 2211;;0.01#Water;;0.27#Total;;1,,
EDG_Joncryl 678_4,Joncryl® 678 for printing inks of paper and paperboard,,,5#9,,,Pigment concentrate;;0.43#Joncryl® 678 solution;;0.1#Joncryl® 77 ap;;0.4#FoamStar® SI 2213;;0.005#PE WAX emulsion;;0.055#Water;;0.015#Total;;1,,
EDG_Joncryl 682_1,Joncryl® 682 neutralized solution ,,,9,,,Joncryl® 682;;0.43#Ammonia 25 %;;0.13#Water ;;0.44#Total ;;1,,
EDG_Joncryl 682_2,Joncryl® 682 and Joncryl® 8064 for general purpose OPV,,,9,,,Joncryl® 8064;;0.72#Joncryl® 682 solution;;0.18#Wetting agent;;0.03#PE WAX emulsion;;0.05#Defoamer;;0.005#Water ;;0.015#Total ;;1,,
EDG_Joncryl 682_3,Joncryl® 682 and Joncryl® 90 ap for general purpose OPV,,,9,,,Joncryl® 90 ap;;0.625#Joncryl® 682 solution;;0.265#Solvenon® DPM;;0.025#Wetting agent;;0.03#PE WAX emulsion;;0.05#Defoamer;;0.005#Total ;;1,,
EDG_Joncryl 690_1,Joncryl® 690 neutralized solution ,,,5,,,Joncryl® 690;;0.3#Ammonia 25%;;0.086#Water;;0.614#Total ;;1,,
EDG_Joncryl 690_2,Joncryl® 690 for pigment concentrate ,,,5,,,Joncryl® 690;;0.3#Organic pigment;;0.35#Defoamer;;0.005#Water;;0.345#Total ;;1,,
EDG_Joncryl 692_1,Joncryl® 692 soultion,,,5,,,Joncryl® 692;;0.32#25.0-28.0% Ammonia;;0.1#Water;;0.58#Total ;;1,,
EDG_Joncryl 692_2,Joncryl® 692 for pigment concentrate,,,5,,,Joncryl® 692 solution;;0.3#Organic pigment;;0.35#Dispex® Ultra PX 4585;;0.02#FoamStar® SI 2250;;0.003#Water;;0.327#Total ;;1,,
EDG_Joncryl 692_3,Joncryl® 692 printing inks of paper and paperboard,,,5,,,Pigment concentration;;0.4#Joncryl® 692 solution;;0.1#Joncryl® 631 ap;;0.4#FoamStar® SI 2292;;0.005#Joncryl® WAX 35;;0.04#Water;;0.055#Total ;;1,,
EDG_Joncryl ECO 684_1,Joncryl® ECO 684 solution,,,5#9,,,Joncryl® ECO 684;;0.45#Ammonia 25%;;0.134#Water ;;0.416#Total ;;1,,
EDG_Joncryl ECO 684_2,"Joncryl® ECO 684 for high gloss, low VOC overprint varnish ",,,5#9,,,Joncryl® ECO 2189;;0.48#Joncryl® ECO 2177;;0.16#Joncryl® ECO 684 solution;;0.3#PE WAX emulsion;;0.03#Wetting agent;;0.03#Total ;;1,,
EDG_Joncryl HPD 671_1,Joncryl® HPD 671 for neutralized letdown varnish ,,,5#9,,,Joncryl® HPD 671;;0.257#Ammonia 25 %;;0.066#Water;;0.677#Total;;1,,
EDG_Joncryl HPD 671_2,Joncryl® HPD 671 for pigment concentrate ,,,5#9,,,Joncryl® HPD 671;;0.31#Organic pigment;;0.35#Defoamer;;0.005#Water;;0.335#Total;;1,,
EDG_Joncryl HPD 696_1,Joncryl® HPD 696 solution,,,5,,,Joncryl® HPD 696;;0.335#25.0-28.0% Ammonia;;0.084#Water;;0.581#Total ;;1,,
EDG_Joncryl HPD 196_1,Joncryl® HPD 196 resin soultion for pigment concentrate,,,5,,,Joncryl® HPD 196 ;;0.247#Organic pigment;;0.4#FoamStar® SI 2250;;0.003#Water;;0.35#Total ;;1,,
EDG_Joncryl HPD 196 MEA ap_1,Joncryl® HPD 196 MEA ap resin soultion for pigment concentrate,,,5,,,Joncryl® HPD 196 MEA ap;;0.247#Organic pigment;;0.4#FoamStar® SI 2250;;0.003#Water;;0.35#Total ;;1,,
EDG_Joncryl HPD 296_1,Joncryl® HPD 296 resin soultion for pigment concentrate,,,5,,,Joncryl® HPD 296;;0.227#Organic pigment;;0.42#FoamStar® SI 2250;;0.003#Water;;0.35#Total ;;1,,
EDG_Joncryl HPD 296 MEA_1,Joncryl® HPD 296 MEA for pigment concentrate ,,,5,,,Joncryl® HPD 296 MEA;;0.255#Organic pigment;;0.45#Defoamer;;0.005#Water;;0.29#Total ;;1,,
EDG_Joncryl HPD 96_1,Joncryl® HPD 96  resin soultion for pigment concentrate,,,5,,,Joncryl® HPD 96 ;;0.3#Organic pigment;;0.4#FoamStar® SI 2250;;0.003#Water;;0.297#Total ;;1,,
EDG_Joncryl HPD 96 MEA_1,Joncryl® HPD 96 MEA resin soultion for pigment concentrate,,,5,,,Joncryl® HPD 96 MEA ;;0.3#Organic pigment;;0.4#FoamStar® SI 2250;;0.003#Water;;0.297#Total ;;1,,
EDG_Joncryl 631 ap_1,Joncryl® 631 ap for a high hiding printing ink of corrugated box and natural kraft substrates ,,,5,,,Joncryl® 631 ap;;0.45#Pigment concentration;;0.38#Joncryl® 8078;;0.095#Joncryl® WAX 35;;0.05#Foamaster® MO 2190;;0.005#Water;;0.02#Total ;;1,,
EDG_Joncryl 7131_1,Joncryl® 7131 for printing inks of corragated board and kraft paper,,,5,,,Joncryl® 7131;;0.45#Pigment concentration;;0.38#Joncryl® 8078;;0.095#Joncryl® WAX 35;;0.05#Foamaster® MO 2190;;0.005#Water;;0.02#Total ;;1,,
EDG_Joncryl 7159_1,Joncryl® 7159 for gravure inks of paper and paper board ,,,5,,,Organic pigment;;0.25#Joncryl® 7159;;0.35#Dispex® Ultra PX 4585;;0.02#Ethanol : water=1:1;;0.38#Total ;;1,,
EDG_Joncryl 7169_1,Joncryl® 7169 for gravure inks of paper and paper board ,,,5,,,Organic pigment;;0.25#Joncryl® 7169;;0.35#Ethanol : water=1:1;;0.4#Total ;;1,,
EDG_Joncryl 7189_1,Joncryl® 7189 for printing inks of paper and paperboard,,,5,,,Pigment concentration;;0.35#Joncryl® 7189;;0.45#Joncryl® 77 ap;;0.1#Foamaster® MO 2190;;0.005#Joncryl® 8078;;0.05#Water;;0.045#Total ;;1,,
EDG_Joncryl 89 ap_1,Joncryl® 89 ap for printing inks of paper and paperboard,,,5,,,Pigment concentration;;0.35#Joncryl® 89 ap;;0.45#Joncryl® 77 ap;;0.1#Foamaster® MO 2190;;0.005#Joncryl® 8078;;0.05#Water;;0.045#Total ;;1,,
EDG_Joncryl 90 ap_1,Joncryl® 90 ap for OPV of paper and paper board,,,5#9,,,Joncryl® 90 ap;;0.5#Joncryl® 77 ap;;0.23#Joncryl® 8078;;0.2#Joncryl® WAX 26;;0.05#FoamStar® SI 2292;;0.003#Water;;0.017#Total ;;1,,
EDG_Joncryl ECO 2188_1,Joncryl® ECO 2188 for printing inks of paper and paperboard,,,5,,,Pigment concentration;;0.35#Joncryl® 89 ap;;0.25#Joncryl® ECO 2188;;0.2#Joncryl® 77 ap;;0.1#Foamaster® MO 2190;;0.005#Joncryl® 8078;;0.05#Water;;0.045#Total ;;1,,
EDG_Joncryl LV 7601_1,Joncryl® LV 7601 for OPV of paper and paper board,,,5,,,Joncryl® LV 7601;;0.5#Joncryl® LV 7602;;0.23#Joncryl® 8078;;0.2#Joncryl® WAX 26;;0.05#FoamStar® SI 2292;;0.003#Water;;0.017#Total ;;1,,
EDG_Joncryl 1685_1,Joncryl® 1685 for OPV of paper and paper board,,,9,,,Joncryl® 90 ap;;0.5#Joncryl® 1685;;0.23#Joncryl® 8078;;0.2#Joncryl® WAX 26;;0.05#FoamStar® SI 2292;;0.003#Water;;0.017#Total ;;1,,
EDG_Joncryl 1695_1,Joncryl® 1695 for preprint-OPV of paper and paper board,,,9,,,Joncryl® 90 ap;;0.5#Joncryl® 1695;;0.23#Joncryl® 8078;;0.2#Joncryl® WAX 26;;0.05#FoamStar® SI 2292;;0.003#Water;;0.017#Total ;;1,,
EDG_Joncryl 2640_1,Joncryl® 2640 for printing inks of plastic film,,,5,,,Pigment concentration;;0.35#Joncryl® 2640;;0.48#Joncryl® 8078;;0.05#Joncryl® WAX 35;;0.05#Water;;0.06#FoamStar® SI 2292;;0.005#Hydropalat® WE 3221;;0.005#Total ;;1,,
EDG_Joncryl 624 ap_1,Joncryl® 624 ap for printing inks of PE filmed paper and paperboard,,,5,,,Joncryl® 624 ap;;0.5#Pigment concentration;;0.35#Joncryl® 8078;;0.065#Joncryl® WAX 35;;0.03#Hydropalat® SL 3682;;0.005#Foamaster® SI 2190;;0.005#Water;;0.045#Total ;;1,,
EDG_Joncryl 7124_1,Joncryl® 7124 for printing inks of PE filmed paper and paperboard,,,5,,,Pigment concentration;;0.35#Joncryl® 7124;;0.48#Joncryl® 8078;;0.05#Joncryl® WAX 35;;0.05#Water;;0.06#FoamStar® SI 2292;;0.005#Hydropalat® WE 3221;;0.005#Total ;;1,,
EDG_Joncryl 7168_1,Joncryl® 7168 for gravure inks of paper and paper board ,,,5,,,Organic pigment;;0.25#Joncryl® 7168;;0.35#Dispex® Ultra PX 4585;;0.02#Ethanol : water=1:1;;0.38#Total ;;1,,
EDG_Joncryl 7301_1,Joncryl® 7301 for OPV of paper and paper board,,,9,,,Joncryl® 7301;;0.5#Joncryl® 90 ap;;0.23#Joncryl® 8078;;0.2#Joncryl® WAX 26;;0.04#Hydropalat® SL 3682;;0.005#FoamStar® SI 2292;;0.003#Water;;0.022#Total ;;1,,
EDG_Joncryl 7306_1,Joncryl® 7306 solution,,,5,,,Joncryl® 7306;;0.568#DPM;;0.02#Hydropalat® WE 3475;;0.005#FoamStar® SI 2292;;0.005#Water ;;0.402#Total;;1,,
EDG_Joncryl -C ap_1,Joncryl® 74-C ap for OPV of paper and paper board,,,9,,,Joncryl® 74-C ap;;0.55#Joncryl® LV 7601;;0.2#Joncryl® 8078;;0.12#Joncryl® WAX 26;;0.04#Hydropalat® SL 3682;;0.005#FoamStar® SI 2292;;0.003#Water;;0.082#Total ;;1,,
EDG_Joncryl 7603_1,Joncryl® 7603 for OPV of paper and paper board,,,9,,,Joncryl® 7603;;0.5#Joncryl® 90 ap;;0.23#Joncryl® 8078;;0.2#Joncryl® WAX 26;;0.04#Hydropalat® SL 3682;;0.005#FoamStar® SI 2292;;0.003#Water;;0.022#Total ;;1,,
EDG_Joncryl 7607_1,Joncryl® 7607 for Preprint-OPV of paper and paper board,,,9,,,Joncryl® 7607;;0.6#Joncryl® 77 ap;;0.13#Joncryl® 8078;;0.2#Joncryl® WAX 26;;0.04#Hydropalat® SL 3682;;0.005#FoamStar® SI 2292;;0.003#Water;;0.022#Total ;;1,,
EDG_Joncryl 77 ap_1,Joncryl® 77 ap for OPV of paper and paper board,,,9,,,Joncryl® 77 ap;;0.5#Joncryl® 90 ap;;0.23#Joncryl® 8078;;0.2#Joncryl® WAX 26;;0.04#Hydropalat® SL 3682;;0.005#FoamStar® SI 2292;;0.003#Water;;0.022#Total ;;1,,
EDG_Joncryl 8052_1,Joncryl® 8052 for flexo printing inks ,,,5,,"Provide good adhesion, water resistance and printability",Pigment concentrate;;0.35#Joncryl® 8052;;0.555#PE WAX emulsion;;0.05#Iso propyl alcohol;;0.04#Defoamer;;0.005#Total;;1,,
EDG_Joncryl ECO 2124-E_1,Joncryl® ECO 2124-E for barrier coating of paper and paper board,,,3,,,Joncryl® ECO 2124-E;;0.89#Water;;0.1#FoamStar® SI 2292;;0.005#Hydropalat® WE 3475;;0.005#Total ;;1,,
EDG_Joncryl ECO 2177_1,Joncryl® ECO 2177 for OPV of paper and paper board,,,9,,,Joncryl® ECO 2177;;0.5#Joncryl® 90 ap;;0.23#Joncryl® 8078;;0.2#Joncryl® WAX 26;;0.05#FoamStar® SI 2292;;0.003#Water;;0.017#Total ;;1,,
EDG_Joncryl FLX 5000_1,Joncryl® FLX 5000 for medium-duty film ink ,,,5,,Provide excellent resistance and resolubility ,Joncryl® FLX 5000;;0.479#Pigment concentrate;;0.46#Wetting Agent;;0.01#FoamStar® SI 2213;;0.006#Joncryl® WAX 4;;0.01#Hydropalat® SL 3682;;0.005#Slipping Agent;;0.03#Total;;1,,
EDG_Joncryl FLX 5002_1,Joncryl® FLX 5002 for low and medium-duty film ink,,,5,,Provide excellent resistance and resolubility ,Joncryl® FLX 5002;;0.477#Pigment concentrate;;0.46#Wetting Agent;;0.01#Defoamer;;0.006#Joncryl® WAX 4;;0.01#Anti-blocking Agent;;0.005#Slipping Agent;;0.03#Total;;1,,
EDG_Joncryl FLX 5020_1,Joncryl® FLX 5020 for medium-duty film ink ,,,5,,Provide excellent resistance and resolubility ,Pigment concentrate;;0.4#Joncryl® FLX 5020;;0.535#Rheovis® PU 1331;;0.004#Hydropalat® SL 3682;;0.006#Wetting Agent;;0.01#FoamStar® SI 2213;;0.005#Joncryl® WAX 35;;0.04#Total;;1,,
EDG_Joncryl FLX 5026_2,Joncryl® FLX 5026 for white surface printing inks on coex-OPP and transparent LDPE,,,5,,,White pigment concentrate;;0.4#Joncryl® FLX 5026;;0.53#n-propanol;;0.05#Hydropalat® SL 3682;;0.005#FoamStar® SI 2231;;0.01#Joncryl® WAX 4;;0.005#Total;;1,,
EDG_Joncryl FLX 5026_1,Joncryl® FLX 5026 for white pigment concentrate,,,5,,,Water;;0.17#Wetting Agent;;0.075#Antifoam;;0.005#TiO2;;0.75#Total;;1,,
EDG_Joncryl FLX 5040_1,Joncryl® FLX 5040 for general purpose solvent free lamination ink of PE and PP film for general demands - color ,,,5,,,Joncryl® FLX 5040;;0.566#Pigment concentrate;;0.375#Joncryl® WAX 4;;0.003#FoamStar® SI 2213;;0.006#Water ;;0.05#Total ;;1,,
EDG_Joncryl FLX 5040_2,Joncryl® FLX 5040 for general purpose solvent free lamination ink of PE and PP film for general demands - white,,,5,,,Joncryl® FLX 5040;;0.541#White pigment concentrate;;0.4#Joncryl® WAX 4;;0.003#FoamStar® SI 2213;;0.006#Water;;0.05#Total ;;1,,
EDG_Joncryl 7256_1,Joncryl® 7256 for cyan pigment concetrate,,,5,,,Pigment Blue;;40~45% #Joncry® HPD 196;;25~29% #FoamStar® ST 2250;;0.003#Water ;;30~35% #Total;;1,,
EDG_Joncryl 7256_2,Joncryl® 7256 for red pigment concetrate,,,5,,,PR146;;40~45% #Joncry® HPD 196;;25~29% #FoamStar® ST 2250;;0.003#Water ;;30~35% #Total;;1,,
EDG_Joncryl 7256_3,Joncryl® 7256 for yellow pigment concetrate,,,5,,,PY14;;40~45% #Joncry® HPD 196;;25~29% #FoamStar® ST 2250;;0.003#Water ;;30~35% #Total;;1,,
EDG_Joncryl 7256_4,Joncryl® 7256 for black pigment concetrate,,,5,,,Black;;30~35% #Joncry® HPD 196;;26~30%#Co-dispersant;;2.2~2.6%#FoamStar® ST 2250;;0.003#Water ;;30~35% #Total;;1,,
EDG_Joncryl 7256_5,Joncryl® 7256 for white pigment concetrate,,,5,,,TiO2;;60~70% #Joncry® HPD 196;;18~22%#Dispex® Ultra PX 4525;;1.0~1.2%#FoamStar® ST 2250;;0.003#Water ;;10~15% ,,
EDG_Joncryl 7256_6,Joncryl® 7256 for cyan printing inks,,,5,,,Cyan paste;;30~35% #Joncryl® 7256;;50~60% #Hydropalat® WE3221;;~0.5% #Hydropalat® WE3650;;~0.5% #Co-dispersant;;~0.5% #Joncryl® WAX 35;;~3% #IPA / Ethanol;;~3% #FoamStar® SI 2438;;0.1~0.3% #Water ;;~3% #Total;;1,,
EDG_Joncryl 7256_7,Joncryl® 7256 for red printing inks,,,5,,,Red paste;;30~35% #Joncryl® 7256;;50~60% #Hydropalat® WE3221;;~0.5% #Hydropalat® WE3650;;~0.5% #Co-dispersant;;~0.5% #Joncryl® WAX 35;;~3% #IPA / Ethanol;;~3% #FoamStar® SI 2438;;0.1~0.3% #Water ;;~3% #Total;;1,,
EDG_Joncryl 7256_8,Joncryl® 7256 for yellow printing inks,,,5,,,Yellow paste;;30~35% #Joncryl® 7256;;50~60% #Hydropalat® WE3221;;~0.5% #Hydropalat® WE3650;;~0.5% #Co-dispersant;;~0.5% #Joncryl® WAX 35;;~3% #IPA / Ethanol;;~3% #FoamStar® SI 2438;;0.1~0.3% #Water ;;~3% #Total;;1,,
EDG_Joncryl 7256_9,Joncryl® 7256 for black printing inks,,,5,,,Black paste;;35~45% #Joncryl® 7256;;45~55% #Hydropalat® WE3221;;~0.5% #Hydropalat® WE3650;;~0.5% #Co-dispersant;;~0.5% #Joncryl® WAX 35;;~3% #IPA / Ethanol;;~3% #FoamStar® SI 2438;;0.1~0.3% #Water ;;~3% #Total;;1,,
EDG_Joncryl 7256_10,Joncryl® 7256 for white printing inks,,,5,,,White paste;;40~50% #Joncryl® 7256;;40~50% #Hydropalat® WE3221;;~0.5% #Hydropalat® WE3650;;~0.5% #Slipping Agent;;~0.5% #Joncryl® WAX 35;;~3% #IPA / Ethanol;;~3% #FoamStar® SI 2438;;0.1~0.3% #Water ;;~3% #Total;;1,,
EDG_Joncryl 7266_1,Joncryl® 7266 for pigment concentrate,,,5,,,Pigment Blue (15:3);;0.47#Joncryl® HPD 296;;0.282#EFKA® 2550;;0.003#Water;;0.245#Total ;;1,,
EDG_Joncryl 7266_2,Joncryl® 7266 for printing inks,,,5,,,Joncryl® 7266;;0.535#Pigment base;;0.36#Hydropalat® WE 3221;;0.003#Hydropalat® WE 3650;;0.005#Hydropalat® SL 3682;;0.005#Joncryl® WAX 35;;0.035#Co – solvent (IPA:Water=1:1);;0.055#FoamStar® ST 2438;;0.002#Total ;;1,,
EDG_Joncryl FLX 5201_1,Joncryl® FLX 5201 for color printing inks ,,,5,,,Pigment concentrate;;0.375#Joncryl® FLX 5201;;0.528#FoamStar® SI 2213;;0.005#Joncryl® WAX 4;;0.002#IPA;;0.03#Total ;;1,,
EDG_Joncryl FLX 5201_2,Joncryl® FLX 5201 for white printing inks,,,5,,,Pigment concentrate;;0.4#Joncryl® FLX 5201;;0.508#FoamStar® SI 2213;;0.005#Joncryl® WAX 4;;0.002#IPA;;0.03#Total ;;1,,
EDG_Joncryl FLX 5220_1,Joncryl® FLX 5220 for blue printing inks,,,5,,,Joncryl® FLX 5220;;0.615#Pigment concentrate PB 15:3;;0.35#FoamStar® SI 2213;;0.005#IPA;;0.03#Total ;;1,,
EDG_Joncryl FLX 5220_2,Joncryl® FLX 5220 for white printing inks,,,5,,,Joncryl® FLX 5220;;0.565#Pigment concentrate PW 6;;0.4#FoamStar® SI 2213;;0.005#n-Propanol;;0.03#Total ;;1,,
EDG_Joncryl HRC 1661_1,Joncryl® HRC 1661 for OPV of paper and paper board,,,9,,,Joncryl® 90 ap;;0.5#Joncryl® HRC1661;;0.23#Joncryl® 8078;;0.2#Joncryl® WAX 26;;0.05#FoamStar® SI 2292;;0.003#Water;;0.017#Total ;;1,,
EDG_Joncryl HSL 9010_1,Joncryl® HSL 9010 water-based heat-seal lacquers for cardboard blisters and flexible packaging ,,,3,,,Joncryl® HSL 9010;;0.77#Joncryl® 8085;;0.2#Hydropalat® WE 3475;;0.03#Total;;1,,
EDG_Joncryl HSL 9012_1,Joncryl® HSL 9012   heat-seal lacquers on pharmaceutical blister lidding foil,,,3,,,Joncryl® HSL 9012;;93~94% #Talcum;;3~5% #Wax;;1~2% #Defoamer;;0.005#Total;;1,,
EDG_Joncryl LV 7604_1,Joncryl® LV 7604 for OPV of paper and paper board,,,9,,,Joncryl® LV 7601;;0.5#Joncryl® LV 7604;;0.23#Joncryl® 8078;;0.2#Joncryl® WAX 26;;0.05#FoamStar® SI 2292;;0.003#Water;;0.017#Total ;;1,,
EDG_Joncryl PDX-7339_1,Joncryl® PDX-7339 for OPV of paper and paper board,,,9,,,Joncryl® PDX-7339;;0.5#Joncryl® 90 ap;;0.23#Joncryl® 8078;;0.2#Joncryl® WAX 26;;0.04#Hydropalat® SL 3682;;0.005#FoamStar® SI 2292;;0.003#Water;;0.022#Total ;;1,,
EDG_Joncryl 142 ap_1,Joncryl® 142 ap neutralized solution,,,5,,,Joncryl® 142 ap;;0.46#MEA;;0.024#Water ;;0.516#Total ;;1,,
EDG_Joncryl 142 ap_2,Joncryl® 142 ap for flexographic inks of corrugated inks and kraft paper substrates,,,5,,,Pigments concentrate;;0.37#Joncryl® 142 ap solution;;0.54#PE WAX emulsion;;0.05#Defoamer;;0.005#Water ;;0.035#Total ;;1,,
EDG_Joncryl 659_1,Joncryl® 659 neutralized solution,,,5,,,Joncryl® 659;;0.266#MEA;;0.02#Water;;0.714#Total;;1,,
EDG_Joncryl 661_1,Joncryl® 661 neutralized letdown solution,,,5,,,Joncryl® 661;;0.323#MEA;;0.024#Water;;0.653#Total ;;1,,
EDG_Joncryl 661_2,Joncryl® 661 for flexographic inks of corrugated board and kraft paper substrates,,,5,,,Pigments concentrate;;0.37#Joncryl® 661 letdown varnish;;0.5#PE WAX emulsion;;0.05#Defoamer;;0.005#Water ;;0.075#Total ;;1,,
EDG_Joncryl 662_1,Joncryl® 662 neutrilized solution ,,,5,,,Joncryl® 662;;0.3#MEA;;0.011#Water;;0.689#Total ;;1,,
EDG_Joncryl 662_2,Joncryl® 662 for printing inks of corrgated board and kraft paper,,,5,,,Pigment concentration;;0.35#Joncryl® 662 solution;;0.56#Foamaster® MO 2190;;0.005#Joncryl® WAX 35;;0.05#Water;;0.035#Total ;;1,,
EDG_Joncryl 668_1,Joncryl® 668 neutralized solution,,,5,,,Joncryl® 668;;0.205#MEA;;0.018#Water;;0.777#Total ;;1,,
EDG_Joncryl 668_2,Joncryl® 668 for printing inks of corrugated board and kraft paper substrates,,,5,,,Pigments concentrate;;0.37#Joncryl® 668 solution;;0.54#PE WAX emulsion;;0.05#Defoamer;;0.005#Water ;;0.035#Total ;;1,,
EDG_Joncryl HSL 703_1,Joncryl® HSL 703 heat sealing laquer on paper and aluminum foil ,,,3,,,Joncryl® HSL 703;;0.89#Water;;0.1#FoamStar® SI 2292;;0.005#Hydropalat® WE 3475;;0.005#Total ;;1,,
EDG_Joncryl WAX 4_1,Joncryl® WAX 4 for rub resistance inks of paper and paper board,,,5,,,Joncryl® 7607;;0.6#Joncryl® 77 ap;;0.13#Joncryl® 8078;;0.2#Joncryl® WAX 4;;0.015#Hydropalat® SL 3682;;0.005#FoamStar® SI 2292;;0.003#Water;;0.047#Total ;;1,,
EDG_Joncryl WAX 26_1,Joncryl® WAX 26 for rub resistance inks of paper and paper board,,,5,,,Joncryl® 7301;;0.5#Joncryl® 90 ap;;0.23#Joncryl® 8078;;0.2#Joncryl® WAX 26;;0.04#Hydropalat® SL 3682;;0.005#FoamStar® SI 2292;;0.003#Water;;0.022#Total ;;1,,
EDG_Joncryl WAX 35_1,Joncryl® WAX 35 for rub resistance inks of paper and paper board,,,5,,,Joncryl® 7131;;0.45#Pigment concentration;;0.38#Joncryl® 8078;;0.095#Joncryl® WAX 35;;0.05#Foamaster® MO 2190;;0.005#Water;;0.02#Total ;;1,,
EDG_Zinc Oxide Solution#1_1,Zinc Oxide Solution#1 crosslinker and anti-heat agent for paper and paper board,,,5,,,Joncryl® 90 ap;;0.5#Joncryl® 77 ap;;0.23#Joncryl® 8078;;0.15#Joncryl® WAX 26;;0.05#FoamStar® SI 2292;;0.003#Water;;0.052#Zinc Oxide Solution#1;;0.015#Total ;;1,,
ED2_wood_1_clear base,Recommended formula and key additives for waterborne wood clear basecoat ,,,2,,,Fine particle size emulsion;;0.8#Deionized water;Emulsion;0.05#FoamStar® ST 2437;Defoamer;0.003#Hydropalat® WE 3323;Substrate wetting ;0.002#Hydropalat® WE 3220;Wetting agent;0.002#Dipropylene glycol n-butyl ether (DPnB);Coalescent;0.03#Dipropylene glycol methyl ether (DPM);Coalescent;0.01#Calcium stearate emulsion (50%);;0.05#Anticorrosive ;;0.002#Rheovis® PU 1191;10% Water ;1%~2%#Deionized water;;adjust #Total ;;1,,
ED2_wood_2_clear coat,Recommended formula and key additives for waterborne wood clear coat ,,,2,,,Fine particle size emulsion;;0.8#FoamStar® SI 2240;FoamStar® SI 2299 is also available ;0.002#FoamStar® SI 2292;Good compatibility ;0.005#Dipropylene glycol n-butyl ether (DPnB);Coalescent;0.027#Dipropylene glycol methyl ether (DPM);Coalescent;0.009#Deionized water;;0.05#Hydropalat® WE 3220;Wetting agent;0.003#Efka® SL 3258 / Efka® SL 3299;Modified polysiloxane;0.002#Rheovis® PU 1191;Rheology modifier;1~2%#Calcium stearate ;;0.05#Deionized water;;adjust#Total ;;1,,
ED2_wood_3_matt white,Recommended formula and key additives for waterborne wood matte white coating ,,,2,,,Titanium dioxide;;21.7#Dispex® Ultra PX 4275;Dispex® Ultra PX 4290 / Dispex® Ultra PX 4575 are also available ;1.5#FoamStar® SI 2250;FoamStar® SI 2240 is also available ;0.1#Deionized water;;7.5#Medium to high hydroxy acrylic emulsion;;52.8#FoamStar® SI 2280;or FoamStar® SI 2292;0.5#FoamStar® SI 2210;;0.3#Matting powder;;1#Dipropylene glycol methyl ether (DPM);;4#Texanol ;;2#Deionized water;;7#Hydropalat® WE 3221;;0.2#Hydropalat® WE 3229;;0.2#Efka® SL 3258; or  Efka® SL 3299;0.2#Rheovis® PU 1191;can work with Rheovis® PU 1291 ;1~2#Deionized water;;adjust #Total ;;100#Part B：;;#Hardner ;NCO:OH=1.4;12.4,,
ED2_wood_4_bright white,Recommended formula and key additives for waterborne wood bright white coating ,,,2,,,"Titanium dioxide;;0.18#Dispex® Ultra PX 4275;Dispex® Ultra PX 4290 / Dispex® Ultra PX 4575 are also available ;0.015#FoamStar® SI 2299;FoamStar® SI 2240 is also available ;0.001#Deionized water;;0.05#Self-crosslinking acrylic emulsion;e.g. Joncryl® OH 8770 AP;0.5#Synergistic hard resin;;0.1#FoamStar® SI 2299;FoamStar® SI 2240 is also available ;0.003#Efka® SL 3258;Efka® SL 3299 is also available ;0.002#Dipropylene glycol methyl ether (DPM);;0.04#Texanol;Coalescent, EASTMAN;0.02#Deionized water;;0.03#Hydropalat® WE 3221;Hydropalat® WE 3229/Hydropalat® WE 3220;0.005#FoamStar® SI 2292;;0.006#Efka® SL 3258; or Efka® SL 3299;0.002#Loxanol® MI 6840;paraffin wax emulsion;0.025#Rheovis® PU 1331;;0.004#Rheovis® PU 1191;;0.002#Deionized water;1.5;adjust#Total ;;1",,
ED2_industry_1_epoxy,Recommended formula and key additives for waterborne industrial coating epoxy system,,,6,,,"Part A;;#Hydropalat® WE 3323;Wetting agent;1~4%#Cosolvent;;4~8%#Waterborne epoxy hardener ;;5~10%#Rheovis® PU 1191;Levelling agent ;0.005#Thixotropic thickener;Spray ;0.01#FoamStar® ST 2437;Antifoam, fast defoam;0.005#Zinc powder ;;0.6#Part B:;;0.04#Waterborne epoxy Resin ;;0.2#Deionized water;;adjust #Total ;;1",,
ED2_industry_2_alkyd,Recommended formula and key additives for waterborne industrial lacquer alkyd system,,,6,,,Waterborne alkyd Resin;;0.4#DMEA;;0.02#Dispex® Ultra PX 4290;Dispersant ;0.003#Hydropalat® WE 3221;Silicone wetting agent;0.004#Attagel® 40;attapulgite;0.005#TiO2;;0.06#Organic Pigment ;Depending on color;0.04#Cosolvent;;0.1#Amino resin;;0.08#Efka® SL 3258;Levelling agent ;0.001#Deionized water;;adjust#Total;;1,,
ED2_industry_3_acrylic,Recommended formula and key additives for waterborne industrial coating acrylic system,,,6,,,Deionized water;;0.04#Dispex® CX 4320;Hydrophobic dispersant;0.003#Dispex® Ultra FA 4416;Anti-floating;0.2~0.4%#Titanium dioxide;;0.1#FoamStar® MO 2134;Antifoam;0.002#FoamStar® SI 2299;Antifoam (high gloss);or 0.1%#pH neutrilizer ;;0.0015#Acrylic emulsion;;65~70%#Coalescent;;6.5~7.0%#FoamStar® ST 2437;Defoaming speed;0.1~0.2%#Rheovis® PU 1191;Anti-sagging;0.3~0.5%#Other color pigment ;;5~10%#Total;;1,,
ED2_industry_4_2K plastic,Recommended formula and key additives for waterborne 2K plastic coating system ,,,6,,,"Medium-low hydroxyl acrylic emulsion;;0.325#High hydroxyl value acrylic emulsion;;0.325#FoamStar® SI 2292;;0.006#FoamStar® SI 2299;;0.004#Aluminum powder ;;0.05#Dispex® Ultra FA 4425;Aluminum powder dispersion;0.005#Dipropylene glycol methyl ether (DPM);;0.035#Texanol;Coalescent, EASTMAN;0.015#Loxanol® CA 5290;;0.015#AMP 95;pH neutrilizer ;0.002#EVA wax;Aluminum powder orientation;0.03#HDPE wax;Wear-resistant, slip ;0.03#Hydropalat® WE 3220;;0.003#Hydropalat® WE 3323;;0.003#Pigment ;Adjust color ;0.02#Rheovis® PU 1191;Can work with Rheovis® PU 1291;0.0025#Deionized water;;adjust#Total ;;1#Part B ;;#Hardener;NCO:OH=1.4;0.105",,
ED2_industry_5_anticorrosive,Recommended formula 1 and key additives for waterborne light anticorrosion system,,,6,,,"Deionized water;;0.06#Dispex® Ultra PX 4575;Dispex® Ultra PX 4290 is also available ;0.003#Hydropalat® WE 3322;;0.001#FoamStar® SI 2250;FoamStar® SI 2240 is also available ;0.001#Titanium dioxide;;0.14#Acrylic dispersion;Joncryl® PRO 1522;0.7#Deionized water;;0.0081#Dipropylene glycol n-butyl ether (DPnB);;0.037#Texanol;Coalescent, EASTMAN;0.021#Propylene glycol butyl ether (PnB)   ;;0.021#Hydropalat® WE 3323;;0.001#Rheovis® PU 1191(50%);;0.0019#Flash rust inhibitor;;0.005#Total ;;1",,
ED2_industry_6_anticorrosive,Recommended formula 2 and key additives for waterborne light anticorrosion system,,,6,,,"Titanium dioxide;;0.282#Attagel® 50;;0.004#Dispex® Ultra PX 4290;;0.008#Hydropalat® WE 3322;;0.002#Deionized water;;0.097#PG;;0.0013#PM;;0.013#Acrylic dispersion;;0.545#FoamStar® SI 2240;;0.005#FoamStar® SI 2299;;0.005#Texanol;Coalescent, EASTMAN;0.0317#Rheovis® PU 1191;;0.001#Total ;;1",,
ED2_industry_7_anticorrosive,Recommended formula 3 and key additives for waterborne light anticorrosion system,,,6,,,"Acrylic dispersion;Acronal® PRO 780;0.176#FoamStar® ST 2438;;0.002#Hydropalat® WE 3323;;0.004#Deionized water;;0.068#Hydropalat® WE 3425;;0.001#Ammonia;;0.002#Ethylene glycol butyl ether;;0.024#Antirust pigment ;;0.108#Talc ;;0.133#Iron oxide red ;;0.099#Aerosil R 972;silica, DEGUSSA;0.005#Loxanol® CA 5308;;0.024#Acrylic dispersion;Acronal® PRO 780;0.314#FoamStar® ST 2438;;0.001#Flash rust inhibitor;;0.005#Ammonia;;0.012#Rheovis® PU 1191（50%);;0.002#Deionized water;;0.02#Total ;;1",,
ED2_industry_8_anticorrosive,Recommended formula 4 and key additives for waterborne light anticorrosion system,,,6,,,Dispex® Ultra PX 4575;;0.0156#Titanium dioxide;;0.1946#FoamStar® SI 2240;;0.0014#Deionized water;;0.0658#Hydropalat® WE 3650;;0.0006#OH functional acrylic dispersion;;0.506#Ethylene glycol butyl ether;;0.022#Dipropylene glycol n-butyl ether (DPnB);;0.063#Deionized water;;0.026#Rheovis® PU 1191;;0.0025#Rheovis® PU 1291;;0.0065#FoamStar® SI 2280;;0.004#Luwipal® 072;Amino resin;0.072#Ethylene glycol butyl ether;;0.02#Total ;;1,,
ED2_AS 1130_Auto 2K low temp,Rheovis® AS 1130 2K Waterborne low temperature metallic coating ,,,10,,,40%PUD resin;;0.27#Deionized water;;0.17#Ethylene glycol butyl ether;;0.03#10% DMEA;;0.057#Non-silicon defoamer;;0.02#Organic silicon wetting agent ;;0.004#Rheovis® AS 1130;;0.025#Deionized water;;0.175#Ethylene glycol butyl ether;;0.03#Deionized water;;0.085#Matallic pink pigment ;;0.107#Part B:;;#Hardener ;;0.027#Total ;;1,,
ED2_AS 1130_Auto OEM Al basecoat,Rheovis® AS 1130 Waterborne OEM aluminum powder base coat,,,10,,,Waterborne OEM aluminum powder base coat  ;;0.29#Deionized water;;0.19#Ethylene glycol butyl ether;;0.035#10% DMEA;;0.045#Rheovis® AS 1130;;0.01#Deionized water;;0.11#Amino resin ;;0.035#Ethylene glycol butyl ether;;0.033#Deionized water;;0.14#Aluminum powder pigment ;;0.117#Wax;;0.05#Total ;;1,,
1522-3,1522-3,,,6,,,"Grinding;;#Deionized water;;5.5#Dispex® Ultra PX 4575;Dispersant ;0.25#Hydropalat® WE 3322;Wetting agent;0.05#FoamStar® SI 2250;Defoamer;0.05#Kronos® 2190;Titanium dioxide, KRONOS;10#Let down;;#Joncryl® PRO 1522 CN;Dispersion;72#Dipropanediol butyl ether (DPnB);Coalescent;3#Texanol;Coalescent, EASTMAN;2#Propylene glycol n-butyl ether (PnB);Coalescent;2#Hydropalat® WE 3322;Wetting agent;0.1#Rheovis® PU 1291;Rheologic modifier ( 1:1 diluted with water);0.15#Halox® Flash-X3 150;Flash-rust inhibitor, HALOX;0.5#Deionized water;;4.4#Total;;100",,
1522-6,1522-6,,,6,,,"Grinding;;#Deionized water;;7.5#Dispex® Ultra PX 4575;Dispersant ;0.4#Hydropalat® WE 3322;Wetting agent;0.05#FoamStar® SI 2250;Defoamer;0.05#Kronos® 2190;Titanium dioxide, KRONOS;17#Let down;;#Joncryl® PRO 1522 CN;Dispersion;66.7#Dipropanediol butyl ether (DPnB);Coalescent;3#Texanol;Coalescent, EASTMAN;2#Propylene glycol n-butyl ether (PnB);Coalescent;2#Hydropalat® WE 3322;Wetting agent;0.1#Rheovis® PU 1291;Rheologic modifier ( 1:1 diluted with water);0.1#Halox® Flash-X3 150;Flash-rust inhibitor, HALOX;0.5#Deionized water;;0.6#Total;;100",,
1522-8,1522-8,,,6,,,"Grinding;;#Deionized water;;7.5#Dispex® Ultra PX 4290;Dispersant ;0.4#Hydropalat® WE 3322;Wetting agent;0.05#FoamStar® SI 2250;Defoamer;0.05#Chemours Ti- Pure® R 706;Titanium dioxide, Chemours;17#Let down;;#Joncryl® PRO 1522 CN;Dispersion;66.7#Dipropanediol butyl ether (DPnB);Coalescent;3#Texanol;Coalescent, EASTMAN;2#Propylene glycol n-butyl ether (PnB);Coalescent;2#Hydropalat® WE 3322;Wetting agent;0.1#Rheovis® PU 1291;Rheologic modifier ( 1:1 diluted with water);0.1#Halox® Flash-X3 150;Flash-rust inhibitor, HALOX;0.5#Deionized water;;0.6#Total;;100",,
1524-1,1524-1,,,6,,,"Grinding;;#Joncryl® PRO 1524;Dispersion;20#Dispex® Ultra PX 4290;Dispersant ;1#Hydropalat® WE 3322;Wetting agent;0.1#FoamStar® SI 2250;Defoamer;0.1#Kronos® 2190;Titanium dioxide, KRONOS;10#Let down;;#AMP 95;pH adjustor, DOW;0.2#Asconium® 143(50% BCS溶液);anticorrosion additive, ASCOTEC;2#Joncryl® PRO 1524;Dispersion;53#Ethylene glycol monobutyl ether(BCS);Coalescent;4#Hydropalat® WE 3322;Wetting agent;0.5#FoamStar® SI 2250;Defoamer;0.1#Rheovis® PU 1291;Rheologic modifier ( 1:1 diluted with water);0.1#Tinuvin® 5151;light stabilizer（50% solution dilute with BCS）;1.6#ASCOTRAN ® H10 ;antiflash rust, ASCOTEC;0.3#Deionized water;;6.6",,
1524-2,1524-2,,,6,,,"Grinding;;#Joncryl® PRO 1524;Dispersion;30#Dispex® Ultra PX 4290;Dispersant ;1.7#Hydropalat® WE 3322;Wetting agent;0.16#FoamStar® SI 2250;Defoamer;0.2#Kronos® 2190;Titanium dioxide, KRONOS;17#Let down;;#Joncryl® PRO 1524;Dispersion;39.7#Ethylene glycol monobutyl ether(BCS);Coalescent;5#Hydropalat® WE 3322;Wetting agent;0.5#FoamStar® SI 2250;Defoamer;0.1#Tinuvin® 5151;light stabilizer（50% solution dilute with BCS）;1.6#ASCOTRAN ® H10 ;antiflash rust, ASCOTEC;0.3#Deionized water;;3.74",,
780-2,780-2,,,6,,,"Grinding;;#Deionized water;;5.7#Dispex® Ultra PX 4575;Dispersant ;0.5#Hydropalat® WE 3322;Wetting agent;0.1#FoamStar® ST 2280;Defoamer;0.1#Kronos® 2190;Titanium dioxide, KRONOS;17#Let down;;#Acronal® PRO 780;Dispersion;60#DPnB;Coalescent;2.2#PnB;Coalescent;1.1#Propylene Glycol;Coalescent;2#Hydropalat® WE 3322;Wetting agent;0.5#Rheovis® PU 1291;Rheologic modifier ( 1:1 diluted with water);0.8#Tinuvin® 5151;Light stabilizer（50% solution dilute with DPnB）;1.6#Halox® Flash-X3 150;Flash-rust inhibitor, HALOX;0.5#FoamStar® SI 2280;Defoamer;0.2#Deionized water;;7.7",,
,,,,,,,,,
,,,,,,,,,
,,,,,,,,,
,,,,,,,,,
,,,,,,,,,
,,,,,,,,,
,,,,,,,,,
,,,,,,,,,
,,,,,,,,,
,,,,,,,,,
,,,,,,,,,
,,,,,,,,,
,,,,,,,,,
,,,,,,,,,
,,,,,,,,,
,,,,,,,,,