,SBU,PRD号码,产品名称,中文描述,中文文件名（带文件名后缀）,中文版本号,英文描述,英文文件名（带文件名后缀）,英文版本号
,EDR,30282606,Joncryl® 95,技术说明书,Joncryl 95_TDS_CN_201910.pdf,201910,Technical Data Sheet,Joncryl 95_TDS_EN_201910.pdf,201910
,EDR,30284453,Joncryl® 1915,技术说明书,Joncryl 1915_TDS_CN_201910.pdf,201910,Technical Data Sheet,Joncryl 1915_TDS_EN_201910.pdf,201910
,EDR,30282764,Joncryl® 1980,技术说明书,Joncryl 1980_TDS_CN_201910.pdf,201910,Technical Data Sheet,Joncryl 1980_TDS_EN_201910.pdf,201910
,EDR,30743514,Joncryl® 8111 ap,技术说明书,Joncryl 8111 ap_TDS_CN_201912.pdf,201912,Technical Data Sheet,Joncryl 8111 ap_TDS_EN_201912.pdf,201912
,EDR,30718448,Joncryl® 8130 ap,技术说明书,Joncryl 8130 ap_TDS_CN_201912.pdf,201912,Technical Data Sheet,Joncryl 8130 ap_TDS_EN_201912.pdf,201912
,EDR,30282552,Joncryl® 8224,技术说明书,Joncryl 8224_TDS_CN_201910.pdf,201910,Technical Data Sheet,Joncryl 8224_TDS_EN_201910.pdf,201910
,EDR,30577187,Joncryl® 8227,技术说明书,Joncryl 8227_TDS_CN_201910.pdf,201910,Technical Data Sheet,Joncryl 8227_TDS_EN_201910.pdf,201910
,EDR,30282562,Joncryl® 8330,技术说明书,Joncryl 8330_TDS_CN_201910.pdf,201910,Technical Data Sheet,Joncryl 8330_TDS_EN_201910.pdf,201910
,EDR,30715672,Joncryl® 8330 ap,技术说明书,Joncryl 8330 ap_TDS_CN_201910.pdf,201910,Technical Data Sheet,Joncryl 8330 ap_TDS_EN_201910.pdf,201910
,EDR,30450392,Joncryl® HYB 6336,技术说明书,Joncryl HYB 6336_TDS_CN_201910.pdf,201910,Technical Data Sheet,Joncryl HYB 6336_TDS_EN_201910.pdf,201910
,EDR,30627460,Joncryl® HYB 6340,技术说明书,Joncryl HYB 6340_TDS_CN_201910.pdf,201910,Technical Data Sheet,Joncryl HYB 6340_TDS_EN_201910.pdf,201910
,EDR,30747533,Joncryl® HYB 6345 ap,技术说明书,Joncryl HYB 6345 ap_TDS_CN_201910.pdf,201910,Technical Data Sheet,Joncryl HYB 6345 ap_TDS_EN_201910.pdf,201910
,EDR,30436434,Joncryl® U 4190,技术说明书,Joncryl U 4190_TDS_CN_201910.pdf,201910,Technical Data Sheet,Joncryl U 4190_TDS_EN_201910.pdf,201910
,EDR,30282549,Joncryl® 8211,技术说明书,Joncryl 8211_TDS_CN_202002.pdf,202002,Technical Data Sheet,Joncryl 8211_TDS_EN_202002.pdf,202002
,EDR,30282559,Joncryl® OH 8300,技术说明书,Joncryl OH 8300_TDS_CN_202003.pdf,202003,Technical Data Sheet,Joncryl OH 8300_TDS_EN_202003.pdf,202003
,EDR,30288267,Joncryl® OH 8311,技术说明书,Joncryl OH 8311_TDS_CN_202002.pdf,202002,Technical Data Sheet,Joncryl OH 8311_TDS_EN_202002.pdf,202002
,EDR,30650880,Luhydran® S 938 ap,技术说明书,Luhydran S 938 ap_TDS_CN_201910.pdf,201910,Technical Data Sheet,Luhydran S 938 ap_TDS_EN_201910.pdf,201910
,EDR,30682858,Joncryl® OH 8770 AP,技术说明书,Joncryl OH 8770 ap_TDS_CN_201909.pdf,201909,Technical Data Sheet,Joncryl OH 8770 ap_TDS_EN_201909.pdf,201909
,EDR,30675040,Joncryl® OH 8314,技术说明书,Joncryl OH 8314_TDS_CN_201910.pdf,201910,Technical Data Sheet,Joncryl OH 8314_TDS_EN_201910.pdf,201910
,EDR,30364622,Acronal® PRO 761,技术说明书,Acronal PRO 761_TDS_CN_201910.pdf,201910,Technical Data Sheet,Acronal PRO 761_TDS_EN_201910.pdf,201910
,EDR,30625491,Acronal® PRO 763,技术说明书,Acronal PRO 763_TDS_CN_201912.pdf,201912,Technical Data Sheet,Acronal PRO 763_TDS_EN_201912.pdf,201912
,EDR,30625809,Acronal® PRO 780,技术说明书,Acronal PRO 780_TDS_CN_201910.pdf,201910,Technical Data Sheet,Acronal PRO 780_TDS_EN_201910.pdf,201910
,EDR,30068561,Acronal® PRO 8977,技术说明书,Acronal PRO 8977_TDS_CN_201911.pdf,201911,Technical Data Sheet,Acronal PRO 8977_TDS_EN_201911.pdf,201911
,EDR,30717863,Joncryl® PRO 1522 CN,技术说明书,Joncryl PRO 1522 CN_TDS_CN_201912.pdf,201912,Technical Data Sheet,Joncryl PRO 1522 CN_TDS_EN_201912.pdf,201912
,EDR,30590415,Joncryl® PRO 1524,技术说明书,Joncryl PRO 1524_TDS_CN_201912.pdf,201912,Technical Data Sheet,Joncryl PRO 1524_TDS_EN_201912.pdf,201912
,EDR,30590230,Joncryl® PRO 1532,技术说明书,Joncryl PRO 1532_TDS_CN_201912.pdf,201912,Technical Data Sheet,Joncryl PRO 1532_TDS_EN_201912.pdf,201912
,EDR,30488924,Joncryl® PRO 1522,技术说明书,Joncryl PRO 1522_TDS_CN_201912.pdf,201912,Technical Data Sheet,Joncryl PRO 1522_TDS_EN_201912.pdf,201912
,EDR,30282273,Joncryl® 1532,技术说明书,Joncryl 1532_TDS_CN_201912.pdf,201912,Technical Data Sheet,Joncryl 1532_TDS_EN_201912.pdf,201912
,EDR,30550617,Laromer® EA 8765 R,技术说明书,Laromer EA 8765 R_TDS_CN_201912.pdf,201912,Technical Data Sheet,Laromer EA 8765 R_TDS_EN_201912.pdf,201912
,EDR,30061785,Laromer® LR 8986,技术说明书,Laromer LR 8986_TDS_CN_201912.pdf,201912,Technical Data Sheet,Laromer LR 8986_TDS_EN_201912.pdf,201912
,EDR,30170627,Laromer® LR 9019,技术说明书,Laromer LR 9019_TDS_CN_201912.pdf,201912,Technical Data Sheet,Laromer LR 9019_TDS_EN_201912.pdf,201912
,EDR,30041349,Laromer® PE 56 F,技术说明书,Laromer PE 56 F_TDS_CN_201912.pdf,201912,Technical Data Sheet,Laromer PE 56 F_TDS_EN_201912.pdf,201912
,EDR,30041346,Laromer® PE 8800,技术说明书,Laromer PE 8800_TDS_CN_201912.pdf,201912,Technical Data Sheet,Laromer PE 8800_TDS_EN_201912.pdf,201912
,EDR,30108288,Laromer® PE 9004,技术说明书,Laromer PE 9004_TDS_CN_201912.pdf,201912,Technical Data Sheet,Laromer PE 9004_TDS_EN_201912.pdf,201912
,EDR,30495622,Laromer® PE 9074,技术说明书,Laromer PE 9074_TDS_CN_201912.pdf,201912,Technical Data Sheet,Laromer PE 9074_TDS_EN_201912.pdf,201912
,EDR,30041372,Laromer® PO 43 F,技术说明书,Laromer PO 43 F_TDS_CN_201912.pdf,201912,Technical Data Sheet,Laromer PO 43 F_TDS_EN_201912.pdf,201912
,EDR,30666661,Laromer® UA 8987 N,技术说明书,Laromer UA 8987 N_TDS_CN_201912.pdf,201912,Technical Data Sheet,Laromer UA 8987 N_TDS_EN_201912.pdf,201912
,EDR,30220564,Laromer® UA 9029,技术说明书,Laromer UA 9029_TDS_CN_201912.pdf,201912,Technical Data Sheet,Laromer UA 9029_TDS_EN_201912.pdf,201912
,EDR,30674275,Laromer® UA 9033 N,技术说明书,Laromer UA 9033 N_TDS_CN_201912.pdf,201912,Technical Data Sheet,Laromer UA 9033 N_TDS_EN_201912.pdf,201912
,EDR,30277030,Laromer® UA 9047,技术说明书,Laromer UA 9047_TDS_CN_201912.pdf,201912,Technical Data Sheet,Laromer UA 9047_TDS_EN_201912.pdf,201912
,EDR,30277029,Laromer® UA 9048,技术说明书,Laromer UA 9048_TDS_CN_201912.pdf,201912,Technical Data Sheet,Laromer UA 9048_TDS_EN_201912.pdf,201912
,EDR,30277028,Laromer® UA 9050,技术说明书,Laromer UA 9050_TDS_CN_201912.pdf,201912,Technical Data Sheet,Laromer UA 9050_TDS_EN_201912.pdf,201912
,EDR,30492024,Laromer® UA 9072,技术说明书,Laromer UA 9072_TDS_CN_201912.pdf,201912,Technical Data Sheet,Laromer UA 9072_TDS_EN_201912.pdf,201912
,EDR,30460350,Laromer® UA 9065,技术说明书,Laromer UA 9065_TDS_CN_201912.pdf,201912,Technical Data Sheet,Laromer UA 9065_TDS_EN_201912.pdf,201912
,EDR,30041379,Laromer® PO 94 F,技术说明书,Laromer PO 94 F_TDS_CN_201912.pdf,201912,Technical Data Sheet,Laromer PO 94 F_TDS_EN_201912.pdf,201912
,EDR,30082376,Laromer® PO 8996,技术说明书,Laromer PO 8996_TDS_CN_201912.pdf,201912,Technical Data Sheet,Laromer PO 8996_TDS_EN_201912.pdf,201912
,EDR,30131629,Laromer® PE 55 Aqua,技术说明书,Laromer PE 55 Aqua_TDS_CN_201912.pdf,201912,Technical Data Sheet,Laromer PE 55 Aqua_TDS_EN_201912.pdf,201912
,EDR,30057680,Laromer® UA 8983 Aqua,技术说明书,Laromer UA 8983 Aqua_TDS_CN_201912.pdf,201912,Technical Data Sheet,Laromer UA 8983 Aqua_TDS_EN_201912.pdf,201912
,EDR,30423671,Laromer® UA 9059 Aqua,技术说明书,Laromer UA 9059 Aqua_TDS_CN_201912.pdf,201912,Technical Data Sheet,Laromer UA 9059 Aqua_TDS_EN_201912.pdf,201912
,EDR,30527074,Laromer® PA 9083,技术说明书,Laromer PA 9083_TDS_CN_201912.pdf,201912,Technical Data Sheet,Laromer PA 9083_TDS_EN_201912.pdf,201912
,EDR,30156421,Laromer® PR 9013,技术说明书,Laromer PR 9013_TDS_CN_201912.pdf,201912,Technical Data Sheet,Laromer PR 9013_TDS_EN_201912.pdf,201912
,EDR,30215796,Laromer® PO 9026,技术说明书,Laromer PO 9026_TDS_CN_201912.pdf,201912,Technical Data Sheet,Laromer PO 9026_TDS_EN_201912.pdf,201912
,EDR,30332823,Laromer® PR 9052,技术说明书,Laromer PR 9052_TDS_CN_201912.pdf,201912,Technical Data Sheet,Laromer PR 9052_TDS_EN_201912.pdf,201912
,EDR,30169160,Laromer® PR 9000,技术说明书,Laromer PR 9000_TDS_CN_201912.pdf,201912,Technical Data Sheet,Laromer PR 9000_TDS_EN_201912.pdf,201912
,EDR,30717743,Joncryl® U 5168 X,技术说明书,Joncryl U 5168 X_TDS_CN_201910.pdf,201910,Technical Data Sheet,Joncryl U 5168 X_TDS_EN_201910.pdf,201910
,EDR,30670555,Basonol® PU 1035 W,技术说明书,Basonol PU 1035 W_TDS_CN_201910.pdf,201910,Technical Data Sheet,Basonol PU 1035 W_TDS_EN_201910.pdf,201910
,EDR,30488892,Joncryl® OH 8312,技术说明书,Joncryl OH 8312_TDS_CN_201910.pdf,201910,Technical Data Sheet,Joncryl OH 8312_TDS_EN_201910.pdf,201910
,EDR,30040234,Acronal® 4 F,技术说明书,Acronal 4 F_TDS_CN_202003.pdf,202003,Technical Data Sheet,Acronal 4 F_TDS_EN_202003.pdf,202003
,EDR,30040210,Acronal® 700 L app.50%,技术说明书,Acronal 700 L 50 in ea_TDS_CN_202003.pdf,202003,Technical Data Sheet,Acronal 700 L 50 in ea_TDS_EN_202003.pdf,202003
,EDR,30141269,Joncryl® 587,技术说明书,Joncryl 587_TDS_CN_202003.pdf,202003,Technical Data Sheet,Joncryl 587_TDS_EN_202003.pdf,202003
,EDR,30282521,Joncryl® 804,技术说明书,Joncryl 804_TDS_CN_202003.pdf,202003,Technical Data Sheet,Joncryl 804_TDS_EN_202003.pdf,202003
,EDR,30282567,Joncryl® 848,技术说明书,Joncryl 848_TDS_CN_202003.pdf,202003,Technical Data Sheet,Joncryl 848_TDS_EN_202003.pdf,202003
,EDR,30282438,Joncryl® 507,技术说明书,Joncryl 507_TDS_CN_201910.pdf,201910,Technical Data Sheet,Joncryl 507_TDS_EN_201910.pdf,201910
,EDR,30282599,Joncryl® 922,技术说明书,Joncryl 922_TDS_CN_202003.pdf,202003,Technical Data Sheet,Joncryl 922_TDS_EN_202003.pdf,202003
,EDR,30282603,Joncryl® 942,技术说明书,Joncryl 942_TDS_CN_202003.pdf,202003,Technical Data Sheet,Joncryl 942_TDS_EN_202003.pdf,202003
,EDR,30431259,Joncryl® 963,技术说明书,Joncryl 963_TDS_CN_202003.pdf,202003,Technical Data Sheet,Joncryl 963_TDS_EN_202003.pdf,202003
,EDR,30565735,Joncryl® RPD 980-B,技术说明书,Joncryl RPD 980-B_TDS_CN_201910.pdf,201910,Technical Data Sheet,Joncryl RPD 980-B_TDS_EN_201910.pdf,201910
,EDR,30282595,Joncryl® 911,技术说明书,Joncryl 911_TDS_CN_201910.pdf,201910,Technical Data Sheet,Joncryl 911_TDS_EN_201910.pdf,201910
,EDR,30631534,Basonol® HPE 1170 B,技术说明书,Basonol HPE 1170 B_TDS_CN_201910.pdf,201910,Technical Data Sheet,Basonol HPE 1170 B_TDS_EN_201910.pdf,201910
,EDR,30529407,Sovermol® 750,技术说明书,Sovermol 750_TDS_CN_202003.pdf,202003,Technical Data Sheet,Sovermol 750_TDS_EN_202003.pdf,202003
,EDR,30529365,Sovermol® 760,技术说明书,Sovermol 760_TDS_CN_202003.pdf,202003,Technical Data Sheet,Sovermol 760_TDS_EN_202003.pdf,202003
,EDR,30529323,Sovermol® 805,技术说明书,Sovermol 805_TDS_CN_202003.pdf,202003,Technical Data Sheet,Sovermol 805_TDS_EN_202003.pdf,202003
,EDR,30529346,Sovermol® 815,技术说明书,Sovermol 815_TDS_CN_202003.pdf,202003,Technical Data Sheet,Sovermol 815_TDS_EN_202003.pdf,202003
,EDR,30531422,Sovermol® 819,技术说明书,Sovermol 819_TDS_CN_202003.pdf,202003,Technical Data Sheet,Sovermol 819_TDS_EN_202003.pdf,202003
,EDR,30536784,Sovermol® 1092,技术说明书,Sovermol 1092_TDS_CN_202003.pdf,202003,Technical Data Sheet,Sovermol 1092_TDS_EN_202003.pdf,202003
,EDR,30617626,Sovermol® 45,技术说明书,Sovermol 45_TDS_CN_202003.pdf,202003,Technical Data Sheet,Sovermol 45_TDS_EN_202003.pdf,202003
,EDR,30697315,Sovermol®100 N,技术说明书,Sovermol 100 N_TDS_CN_202003.pdf,202003,Technical Data Sheet,Sovermol 100 N_TDS_EN_202003.pdf,202003
,EDR,30529413,Sovermol® 1055,技术说明书,Sovermol 1055_TDS_CN_202003.pdf,202003,Technical Data Sheet,Sovermol 1055_TDS_EN_202003.pdf,202003
,EDR,30528209,Sovermol® 1058,技术说明书,Sovermol 1058_TDS_CN_202003.pdf,202003,Technical Data Sheet,Sovermol 1058_TDS_EN_202002.pdf,202002
,EDR,30529408,Sovermol® 1102,技术说明书,Sovermol 1102_TDS_CN_202003.pdf,202003,Technical Data Sheet,Sovermol 1102_TDS_EN_202003.pdf,202003
,EDR,30529383,Sovermol® 1140,技术说明书,Sovermol 1140_TDS_CN_202003.pdf,202003,Technical Data Sheet,Sovermol 1140_TDS_EN_202003.pdf,202003
,EDR,30661977,Basonat® HB 175 MP/X CN,技术说明书,Basonat HB 175 MPX CN_TDS_CN_202003.pdf,202003,Technical Data Sheet,Basonat HB 175 MPX CN_TDS_EN_202003.pdf,202003
,EDR,30662007,Basonat® HB 275 B CN,技术说明书,Basonat HB 275 B CN_TDS_CN_202002.pdf,202002,Technical Data Sheet,Basonat HB 275 B CN_TDS_EN_202002.pdf,202002
,EDR,30555948,Basonat® HI 100 ap,技术说明书,basonat HI 100 ap_TDS_CN_201910.pdf,201910,Technical Data Sheet,basonat HI 100 ap_TDS_EN_201910.pdf,201910
,EDR,30555949,Basonat® HI 190 B/S ap,技术说明书,basonat HI 100 ap_TDS_CN_201910.pdf,201910,Technical Data Sheet,basonat HI 100 ap_TDS_EN_201910.pdf,201910
,EDR,30593297,Basonat® HI 2000 NG,技术说明书,basonat HI 2000 NG_TDS_CN_202001.pdf,202001,Technical Data Sheet,basonat HI 2000 NG_TDS_EN_202001.pdf,202001
,EDR,30046484,Basonat® HA 1000,技术说明书,Basonat HA 1000_TDS_CN_202003.pdf,202003,Technical Data Sheet,Basonat HA 1000_TDS_EN_202003.pdf,202003
,EDR,30041236,Basonat® HA 2000,技术说明书,Basonat HA 2000_TDS_CN_202003.pdf,202003,Technical Data Sheet,Basonat HA 2000_TDS_EN_202003.pdf,202003
,EDR,30041230,Basonat® HA 3000,技术说明书,Basonat HA 3000_TDS_CN_202003.pdf,202003,Technical Data Sheet,Basonat HA 3000_TDS_EN_202003.pdf,202003
,EDR,30053299,Basonat® HW 1180 PC,技术说明书,Basonat HW 1180 PC_TDS_CN_202001.pdf,202001,Technical Data Sheet,Basonat HW 1180 PC_TDS_EN_202001.pdf,202001
,EDR,30671545,Basonat® HW 3280 MBA,技术说明书,Basonat HW 3280 MBA_TDS_CN_201910.pdf,201910,Technical Data Sheet,Basonat HW 3280 MBA_TDS_EN_201910.pdf,201910
,EDR,30667659,Basonat® HW 2100 CN,技术说明书,Basonat HW 2100 CN_TDS_CN_201910.pdf,201910,Technical Data Sheet,Basonat HW 2100 CN_TDS_EN_201910.pdf,201910
,EDR,30041500,Luwipal® 012,技术说明书,Luwipal 012_TDS_CN_202003.pdf,202003,Technical Data Sheet,Luwipal 012_TDS_EN_202002.pdf,202002
,EDR,30041478,Luwipal® 018,技术说明书,Luwipal 018_TDS_CN_202003.pdf,202003,Technical Data Sheet,Luwipal 018_TDS_EN_202003.pdf,202003
,EDR,30212938,Larotact® 150,技术说明书,Larotact 150_TDS_CN_202004.pdf,202004,Technical Data Sheet,Larotact 150_TDS_EN_202004.pdf,202004
,EDR,30042030,Laroflex® MP 15,技术说明书,Laroflex MP 15_TDS_CN_202003.pdf,202003,Technical Data Sheet,Laroflex MP 15_TDS_EN_202003.pdf,202003
,EDR,30041322,Laroflex® MP 25,技术说明书,Laroflex MP 25_TDS_CN_202003.pdf,202003,Technical Data Sheet,Laroflex MP 25_TDS_EN_202003.pdf,202003
,EDR,30041321,Laroflex® MP 35,技术说明书,Laroflex MP 35_TDS_CN_202003.pdf,202003,Technical Data Sheet,Laroflex MP 35_TDS_EN_202003.pdf,202003
,EDR,30041320,Laroflex® MP 45,技术说明书,Laroflex MP 45_TDS_CN_202003.pdf,202003,Technical Data Sheet,Laroflex MP 45_TDS_EN_202003.pdf,202003
,EDR,30041405,Laropal® A 81,技术说明书,Laropal A 81_TDS_CN_202003.pdf,202003,Technical Data Sheet,Laropal A 81_TDS_EN_202003.pdf,202003
,EDR,30041481,Lutonal® A 25,技术说明书,Lutonal A 25_TDS_CN_202003 .pdf,202003,Technical Data Sheet,Lutonal A 25_TDS_EN_202003 .pdf,202003
,EDR,30041495,Lutonal® A 50 app.50% in Ethanol,技术说明书,Lutonal A 50 approx. 50% in ethanol_TDS_CN_202003.pdf,202003,Technical Data Sheet,Lutonal A 50 approx. 50% in ethanol_TDS_EN_202003.pdf,202003
,EDR,30041493,Lutonal® M 40 ca.70% in Ethanol,技术说明书,Lutonal M 40 approx. 70% in ethanol_TDS_CN_202003.pdf,202003,Technical Data Sheet,Lutonal M 40 approx. 70% in ethanol_TDS_EN_202003.pdf,202003
,EDG,30282465,Joncryl® 586,技术说明书,Joncryl 586_TDS_CN_202002.pdf,202002,Technical Data Sheet,Joncryl 586_TDS_EN_201912.pdf,201912
,EDG,30282497,Joncryl® 67,技术说明书,Joncryl 67_TDS_CN_202002.pdf,202002,Technical Data Sheet,Joncryl 67_TDS_EN_201911.pdf,201911
,EDG,30183680,Joncryl® 678,技术说明书,Joncryl 678_TDS_CN_201908.pdf,201908,Technical Data Sheet,Joncryl 678_TDS_EN_202002.pdf,202002
,EDG,30123262,Joncryl® 682,技术说明书,Joncryl 682_TDS_CN_202002.pdf,202002,Technical Data Sheet,Joncryl 682_TDS_EN_201908.pdf,201908
,EDG,30074912,Joncryl® 690,技术说明书,Joncryl 690_TDS_CN_202002.pdf,202002,Technical Data Sheet,Joncryl 690_TDS_EN_202002.pdf,202002
,EDG,30669028,Joncryl® 692,技术说明书,Joncryl 692_TDS_CN_202002.pdf,202002,Technical Data Sheet,Joncryl 692_TDS_EN_202002.pdf,202002
,EDG,30282636,Joncryl® ECO 684,技术说明书,Joncryl ECO 684_TDS_CN_202002.pdf,202002,Technical Data Sheet,Joncryl ECO 684_TDS_EN_202002.pdf,202002
,EDG,30282650,Joncryl® HPD 671,技术说明书,Joncryl HPD 671_TDS_CN_202002.pdf,202002,Technical Data Sheet,Joncryl HPD 671_TDS_EN_201910.pdf,201910
,EDG,30282652,Joncryl® HPD 696,技术说明书,Joncryl HPD 696_TDS_CN_202002.pdf,202002,Technical Data Sheet,Joncryl HPD 696_TDS_EN_201911.pdf,201911
,EDG,30282645,Joncryl® HPD 196,技术说明书,Joncryl HPD 196_TDS_CN_202002.pdf,202002,Technical Data Sheet,Joncryl HPD 196_TDS_EN_201908.pdf,201908
,EDG,30639092,Joncryl® HPD 196 MEA AP,技术说明书,Joncryl HPD 196 MEA AP_TDS_CN_202004.pdf,202004,Technical Data Sheet,Joncryl HPD 196 MEA AP_TDS_EN_202003.pdf,202003
,EDG,30282649,Joncryl® HPD 296,技术说明书,Joncryl HPD 296_TDS_CN_201910.pdf,201910,Technical Data Sheet,Joncryl HPD 296_TDS_EN_201911.pdf,201911
,EDG,30333301,Joncryl® HPD 296 MEA,技术说明书,Joncryl HPD 296 MEA_TDS_CN_202002.pdf,202002,Technical Data Sheet,Joncryl HPD 296 MEA_TDS_EN_201910.pdf,201910
,EDG,30282658,Joncryl® HPD 96,技术说明书,Joncryl HPD 96_TDS_CN_202002.pdf,202002,Technical Data Sheet,Joncryl HPD 96_TDS_EN_201908.pdf,201908
,EDG,30282659,Joncryl® HPD 96 DMEA,技术说明书,Joncryl HPD 96 DMEA_TDS_CN_201910.pdf,201910,Technical Data Sheet,Joncryl HPD 96 DMEA_TDS_EN_201908.pdf,201908
,EDG,30282660,Joncryl® HPD 96 MEA,技术说明书,Joncryl HPD 96 MEA_TDS_CN_202002.pdf,202002,Technical Data Sheet,Joncryl HPD 96 MEA_TDS_EN_201908.pdf,201908
,EDG,30282294,Joncryl® 1680,技术说明书,Joncryl 1680_TDS_CN_202002.pdf,202002,Technical Data Sheet,Joncryl 1680_TDS_EN_201910.pdf,201910
,EDG,30282764,Joncryl® 1980,技术说明书,Joncryl 1980_TDS_CN_201910.pdf,201910,Technical Data Sheet,Joncryl 1980_TDS_EN_201908.pdf,201908
,EDG,30737200,Joncryl® 631 AP,技术说明书,Joncryl 631 AP_TDS_CN_202003.pdf,202003,Technical Data Sheet,Joncryl 631 AP_TDS_EN_201908.pdf,201908
,EDG,30737292,Joncryl® 7131,技术说明书,Joncryl 7131_TDS_CN_202003.pdf,202003,Technical Data Sheet,Joncryl 7131_TDS_EN_201908.pdf,201908
,EDG,30692850,Joncryl® 7159,技术说明书,Joncryl 7159_TDS_CN_201908.pdf,201908,Technical Data Sheet,Joncryl 7159_TDS_EN_202002.pdf,202002
,EDG,30687941,Joncryl® 7169,技术说明书,Joncryl 7169_TDS_CN_201908.pdf,201908,Technical Data Sheet,Joncryl 7169_TDS_EN_201909.pdf,201909
,EDG,30658955,Joncryl® 7189,技术说明书,Joncryl 7189_TDS_CN_201910.pdf,201910,Technical Data Sheet,Joncryl 7189_TDS_EN_202003.pdf,202003
,EDG,30665037,Joncryl® 8055 AP,技术说明书,Joncryl 8055 AP_TDS_CN_201908.pdf,201908,Technical Data Sheet,Joncryl 8055 AP_TDS_EN_201908.pdf,201908
,EDG,30737291,Joncryl® 89 AP,技术说明书,Joncryl 89 AP_TDS_CN_202003.pdf,202003,Technical Data Sheet,Joncryl 89 AP_TDS_EN_201911.pdf,201911
,EDG,30737196,Joncryl® 90 AP,技术说明书,Joncryl 90 AP_TDS_CN_202003.pdf,202003,Technical Data Sheet,Joncryl 90 AP_TDS_EN_201908.pdf,201908
,EDG,30282633,Joncryl® ECO 2188,技术说明书,Joncryl ECO 2188_TDS_CN_202002.pdf,202002,Technical Data Sheet,Joncryl ECO 2188_TDS_EN_201908.pdf,201908
,EDG,30587277,Joncryl® LV 7601,技术说明书,Joncryl LV 7601_TDS_CN_201908.pdf,201908,Technical Data Sheet,Joncryl LV 7601_TDS_EN_201908.pdf,201908
,EDG,30282295,Joncryl® 1685,技术说明书,Joncryl 1685_TDS_CN_202002.pdf,202002,Technical Data Sheet,Joncryl 1685_TDS_EN_201908.pdf,201908
,EDG,30282296,Joncryl® 1695,技术说明书,Joncryl 1695_TDS_CN_202002.pdf,202002,Technical Data Sheet,Joncryl 1695_TDS_EN_201908.pdf,201908
,EDG,30282422,Joncryl® 2640,技术说明书,Joncryl 2640_TDS_CN_202002.pdf,202002,Technical Data Sheet,Joncryl 2640_TDS_EN_201908.pdf,201908
,EDG,30289350,Joncryl® 352D,技术说明书,Joncryl 352D_TDS_CN_202002.pdf,202002,Technical Data Sheet,Joncryl 352D_TDS_EN_201908.pdf,201908
,EDG,30664939,Joncryl® 624 AP,技术说明书,Joncryl 624 AP_TDS_CN_202002.pdf,202002,Technical Data Sheet,Joncryl 624 AP_TDS_EN_201908.pdf,201908
,EDG,30663815,Joncryl® 660 DPM,技术说明书,Joncryl 660 DPM_TDS_CN_202002.pdf,202002,Technical Data Sheet,Joncryl 660 DPM_TDS_EN_202002.pdf,202002
,EDG,30599138,Joncryl® 7124,技术说明书,Joncryl 7124_TDS_CN_201908.pdf,201908,Technical Data Sheet,Joncryl 7124_TDS_EN_202003.pdf,202003
,EDG,30748295,Joncryl® 7168,技术说明书,Joncryl 7168_TDS_CN_202002.pdf,202002,Technical Data Sheet,Joncryl 7168_TDS_EN_201908.pdf,201908
,EDG,30602054,Joncryl® 7301,技术说明书,Joncryl 7301_TDS_CN_202002.pdf,202002,Technical Data Sheet,Joncryl 7301_TDS_EN_201908.pdf,201908
,EDG,30654161,Joncryl® 7306,技术说明书,Joncryl 7306_TDS_CN_201908.pdf,201908,Technical Data Sheet,Joncryl 7306_TDS_EN_202003.pdf,202003
,EDG,30682279,Joncryl® 74-C AP,技术说明书,Joncryl 74-C AP_TDS_CN_202002.pdf,202002,Technical Data Sheet,Joncryl 74-C AP_TDS_EN_202003.pdf,202003
,EDG,30604251,Joncryl® 7603,技术说明书,Joncryl 7603_TDS_CN_201908.pdf,201908,Technical Data Sheet,Joncryl 7603_TDS_EN_201908.pdf,201908
,EDG,30282729,Joncryl® 7607,技术说明书,Joncryl 7607_TDS_CN_202002.pdf,202002,Technical Data Sheet,Joncryl 7607_TDS_EN_201910.pdf,201910
,EDG,30737201,Joncryl® 77 AP,技术说明书,Joncryl 77 AP_TDS_CN_202003.pdf,202003,Technical Data Sheet,Joncryl 77 AP_TDS_EN_201910.pdf,201910
,EDG,30282525,Joncryl® 8052,技术说明书,Joncryl 8052_TDS_CN_202002.pdf,202002,Technical Data Sheet,Joncryl 8052_TDS_EN_201908.pdf,201908
,EDG,30628587,Joncryl® ECO 2124-E,技术说明书,Joncryl ECO 2124-E_TDS_CN_202001.pdf,202001,Technical Data Sheet,Joncryl ECO 2124-E_TDS_EN_201908.pdf,201908
,EDG,30282632,Joncryl® ECO 2177,技术说明书,Joncryl ECO 2177_TDS_CN_202002.pdf,202002,Technical Data Sheet,Joncryl ECO 2177_TDS_EN_201908.pdf,201908
,EDG,30282641,Joncryl® FLX 5000,技术说明书,Joncryl FLX 5000_TDS_CN_201910.pdf,201910,Technical Data Sheet,Joncryl FLX 5000_TDS_EN_201908.pdf,201908
,EDG,30516931,Joncryl® FLX 5002,技术说明书,Joncryl FLX 5002_TDS_CN_201910.pdf,201910,Technical Data Sheet,Joncryl FLX 5002_TDS_EN_201908.pdf,201908
,EDG,30442447,Joncryl® FLX 5020,技术说明书,Joncryl FLX 5020_TDS_CN_201910.pdf,201910,Technical Data Sheet,Joncryl FLX 5020_TDS_EN_201908.pdf,201908
,EDG,30635411,Joncryl® FLX 5026,技术说明书,Joncryl FLX 5026_TDS_CN_201910.pdf,201910,Technical Data Sheet,Joncryl FLX 5026_TDS_EN_201908.pdf,201908
,EDG,30520637,Joncryl® FLX 5040,技术说明书,Joncryl FLX 5040_TDS_CN_201910.pdf,201910,Technical Data Sheet,Joncryl FLX 5040_TDS_EN_201908.pdf,201908
,EDG,30737979,Joncryl® 7256,技术说明书,Joncryl 7256_TDS_CN_201911.pdf,201911,Technical Data Sheet,Joncryl 7256_TDS_EN_201910.pdf,201910
,EDG,30684132,Joncryl® 7266,技术说明书,Joncryl 7266_TDS_CN_201908.pdf,201908,Technical Data Sheet,Joncryl 7266_TDS_EN_202004.pdf,202004
,EDG,30605342,Joncryl® FLX 5201,技术说明书,Joncryl FLX 5201_TDS_CN_201910.pdf,201910,Technical Data Sheet,Joncryl FLX 5201_TDS_EN_201910.pdf,201910
,EDG,30661968,Joncryl® FLX 5220,技术说明书,Joncryl FLX 5220_TDS_CN_201910.pdf,201910,Technical Data Sheet,Joncryl FLX 5220_TDS_EN_201908.pdf,201908
,EDG,30282669,Joncryl® HRC 1661,技术说明书,Joncryl HRC 1661_TDS_CN_201910.pdf,201910,Technical Data Sheet,Joncryl HRC 1661_TDS_EN_201908.pdf,201908
,EDG,30400595,Joncryl® HSL 9010,技术说明书,Joncryl HSL 9010_TDS_CN_201908.pdf,201908,Technical Data Sheet,Joncryl HSL 9010_TDS_EN_201910.pdf,201910
,EDG,30484688,Joncryl® HSL 9012,技术说明书,Joncryl HSL 9012_TDS_CN_201908.pdf,201908,Technical Data Sheet,Joncryl HSL 9012_TDS_EN_201910.pdf,201910
,EDG,30605341,Joncryl® LV 7602,技术说明书,Joncryl LV 7602_TDS_CN_201908.pdf,201908,Technical Data Sheet,Joncryl LV 7602_TDS_EN_201910.pdf,201910
,EDG,30692852,Joncryl® LV 7604,技术说明书,Joncryl LV 7604_TDS_CN_201911.pdf,201911,Technical Data Sheet,Joncryl LV 7604_TDS_EN_201908.pdf,201908
,EDG,30601040,Joncryl® PDX-7339,技术说明书,Joncryl PDX-7339_TDS_CN_202002.pdf,202002,Technical Data Sheet,Joncryl PDX-7339_TDS_EN_201910.pdf,201910
,EDG,30503811,Joncryl® 1282,技术说明书,Joncryl 1282_TDS_CN_202002.pdf,202002,Technical Data Sheet,Joncryl 1282_TDS_EN_201911.pdf,201911
,EDG,30649557,Joncryl® 142 AP,技术说明书,Joncryl 142 AP_TDS_CN_202002.pdf,202002,Technical Data Sheet,Joncryl 142 AP_TDS_EN_201908.pdf,201908
,EDG,30713170,Joncryl® 659,技术说明书,Joncryl 659_TDS_CN_202002.pdf,202002,Technical Data Sheet,Joncryl 659_TDS_EN_201908.pdf,201908
,EDG,30282493,Joncryl® 661,技术说明书,Joncryl 661_TDS_CN_202002.pdf,202002,Technical Data Sheet,Joncryl 661_TDS_EN_201908.pdf,201908
,EDG,30557582,Joncryl® 662,技术说明书,Joncryl 662_TDS_CN_202002.pdf,202002,Technical Data Sheet,Joncryl 662_TDS_EN_201908.pdf,201908
,EDG,30546200,Joncryl® 668,技术说明书,Joncryl 668_TDS_CN_202002.pdf,202002,Technical Data Sheet,Joncryl 668_TDS_EN_201908.pdf,201908
,EDG,30685117,Joncryl® HSL 703,技术说明书,Joncryl HSL 703_TDS_CN_201902.pdf,201902,Technical Data Sheet,Joncryl HSL 703_TDS_EN_201908.pdf,201908
,EDG,30532160,Versamid® PUR 1010,技术说明书,Versamid PUR 1010_TDS_CN_201910.pdf,201910,Technical Data Sheet,Versamid PUR 1010_TDS_EN_201910.pdf,201910
,EDG,30532159,Versamid® PUR 1120,技术说明书,Versamid PUR 1120_TDS_CN_201910.pdf,201910,Technical Data Sheet,Versamid PUR 1120_TDS_EN_201910.pdf,201910
,EDG,30537130,Versamid® PUR 2011,技术说明书,Versamid PUR 2011_TDS_CN_201910.pdf,201910,Technical Data Sheet,Versamid PUR 2011_TDS_EN_201908.pdf,201908
,EDG,30282709,Joncryl® WAX 120,技术说明书,Joncryl WAX 120_TDS_CN_202002.pdf,202002,Technical Data Sheet,Joncryl WAX 120_TDS_EN_201908.pdf,201908
,EDG,30282712,Joncryl® WAX 26,技术说明书,Joncryl WAX 26_TDS_CN_202002.pdf,202002,Technical Data Sheet,Joncryl WAX 26_TDS_EN_201910.pdf,201910
,EDG,30283372,Joncryl® WAX 35,技术说明书,Joncryl WAX 35_TDS_CN_202002.pdf,202002,Technical Data Sheet,Joncryl WAX 35_TDS_EN_201910.pdf,201910
,EDG,30282715,Joncryl® WAX 4                             ,技术说明书,Joncryl WAX 4_TDS_CN_202002.pdf,202002,Technical Data Sheet,Joncryl WAX 4_TDS_EN_201910.pdf,201910
,EDG,30282761,ZINC OXIDE SOLUTION#1,技术说明书,ZINC OXIDE SOLUTION #1_TDS_CN_201910.pdf,201910,Technical Data Sheet,ZINC OXIDE SOLUTION #1_TDS_EN_201908.pdf,201908
,ED2,30289599,Attagel® 30,技术说明书,Attagel 30_TDS_CN_202003.pdf,202003,Technical Data Sheet,Attagel 30_TDS_EN_202003.pdf,202003
,ED2,30289600,Attagel® 350,技术说明书,,,Technical Data Sheet,,
,ED2,30329506,Attagel® 40,技术说明书,Attagel 40_TDS_CN_202003.pdf,202003,Technical Data Sheet,Attagel 40_TDS_EN_202003.pdf,202003
,ED2,30329508,Attagel® 50,技术说明书,Attagel 50_TDS_CN_202003.pdf,202003,Technical Data Sheet,Attagel 50_TDS_EN_202003.pdf,202003
,ED2,30581762,Dispex® AA 4040 AS,技术说明书,Dispex AA 4040 AS_TDS_CN_202003.pdf,202003,Technical Data Sheet,Dispex AA 4040_TDS_EN_202003.pdf,202003
,ED2,30616062,Dispex® AA 4140 AS,技术说明书,Dispex AA 4140 AS_TDS_CN_202003.pdf,202003,Technical Data Sheet,Dispex AA 4140_TDS_EN_202003.pdf,202003
,ED2,30642097,Dispex® AA 4141,技术说明书,Dispex AA 4141_TDS_CN_202003.pdf,202003,Technical Data Sheet,Dispex AA 4141_TDS_EN_202003.pdf,202003
,ED2,30041270,Dispex® CX 4231,技术说明书,,,Technical Data Sheet,Dispex CX 4231_TDS_EN_202003.pdf,202003
,ED2,30472093,Dispex® CX 4240,技术说明书,Dispex CX 4240_TDS_CN_202003.pdf,202003,Technical Data Sheet,dispex CX 4240_TDS_EN_202003.pdf,202003
,ED2,30680827,Dispex® CX 4320 AJ,技术说明书,Dispex CX 4320 AJ_TDS_CN_202003.pdf,202003,Technical Data Sheet,Dispex CX 4320_TDS_EN_202003.pdf,202003
,ED2,30472092,Dispex® CX 4340,技术说明书,,,Technical Data Sheet,dispex CX 4340_TDS_EN_202003.pdf,202003
,ED2,30646326,Dispex® HIDE CX 4540,技术说明书,,,Technical Data Sheet,,
,ED2,30531096,Dispex® ULTRA FA 4416,技术说明书,Dispex Ultra FA 4416_TDS_CN_202003.pdf,202003,Technical Data Sheet,Dispex Ultra FA 4416_TDS_EN_202003.pdf,202003
,ED2,30483389,Dispex® ULTRA FA 4420,技术说明书,Dispex Ultra FA 4420_TDS_CN_202003.pdf,202003,Technical Data Sheet,Dispex Ultra FA 4420_TDS_EN_202003.pdf,202003
,ED2,30634459,Dispex® ULTRA FA 4425 AN,技术说明书,Dispex Ultra FA 4425_TDS_CN_202003.pdf,202003,Technical Data Sheet,Dispex Ultra FA 4425_TDS_EN_202003.pdf,202003
,ED2,30474495,Dispex® ULTRA FA 4431,技术说明书,Dispex Ultra FA 4431_TDS_CN_202003.pdf,202003,Technical Data Sheet,Dispex Ultra FA 4431_TDS_EN_202003.pdf,202003
,ED2,30529258,Dispex® ULTRA FA 4437,技术说明书,Dispex Ultra FA 4437_TDS_CN_202003.pdf,202003,Technical Data Sheet,Dispex Ultra FA 4437_TDS_EN_202003.pdf,202003
,ED2,30529358,Dispex® ULTRA FA 4480,技术说明书,Dispex Ultra FA 4480_TDS_CN_202003.pdf,202003,Technical Data Sheet,Dispex Ultra FA 4480_TDS_EN_202003.pdf,202003
,ED2,30629903,Dispex® ULTRA FA 4488,技术说明书,Dispex Ultra FA 4488_TDS_CN_202003.pdf,202003,Technical Data Sheet,Dispex Ultra FA 4488_TDS_EN_202003.pdf,202003
,ED2,30232730,Dispex® ULTRA PA 4550,技术说明书,Dispex Ultra PA 4550_TDS_CN_202003.pdf,202003,Technical Data Sheet,Dispex Ultra PA 4550_TDS_EN_202003.pdf,202003
,ED2,30482896,Dispex® ULTRA PA 4560,技术说明书,Dispex Ultra PA 4560_TDS_CN_202003.pdf,202003,Technical Data Sheet,Dispex Ultra PA 4560_TDS_EN_202003.pdf,202003
,ED2,30529235,Dispex® ULTRA PX 4275,技术说明书,Dispex Ultra PX 4275_TDS_CN_202003.pdf,202003,Technical Data Sheet,Dispex Ultra PX 4275_TDS_EN_202003.pdf,202003
,ED2,30727295,Dispex® ULTRA PX 4290,技术说明书,Dispex Ultra PX 4290_TDS_CN_202003.pdf,202003,Technical Data Sheet,Dispex Ultra PX 4290_TDS_EN_202003.pdf,202003
,ED2,30639802,Dispex® ULTRA PX 4522,技术说明书,Dispex Ultra PX 4522_TDS_CN_202003.pdf,202003,Technical Data Sheet,Dispex Ultra PX 4522_TDS_EN_202003.pdf,202003
,ED2,30635913,Dispex® ULTRA PX 4525,技术说明书,Dispex Ultra PX 4525_TDS_CN_202003.pdf,202003,Technical Data Sheet,Dispex Ultra PX 4525_TDS_EN_202003.pdf,202003
,ED2,30566525,Dispex® ULTRA PX 4575,技术说明书,Dispex Ultra PX 4575_TDS_CN_202003.pdf,202003,Technical Data Sheet,Dispex Ultra PX 4575_TDS_EN_202003.pdf,202003
,ED2,30478348,Dispex® ULTRA PX 4585,技术说明书,Dispex Ultra PX 4585_TDS_CN_202003.pdf,202003,Technical Data Sheet,Dispex Ultra PX 4585_TDS_EN_202003.pdf,202003
,ED2,30679599,Efka® FA 4606,技术说明书,Efka FA 4606_TDS_CN_202003.pdf,202003,Technical Data Sheet,,
,ED2,30605048,Efka® FA 4608 AN,技术说明书,Efka FA 4608 AN_TDS_CN_202003.pdf,202003,Technical Data Sheet,Efka FA 4608_TDS_EN_202003.pdf,202003
,ED2,30630458,Efka® FA 4609 AN,技术说明书,Efka FA 4609 AN_TDS_CN_202003.pdf,202003,Technical Data Sheet,Efka FA 4609_TDS_EN_202003.pdf,202003
,ED2,30631854,Efka® FA 4610 AN,技术说明书,Efka FA 4610 AN_TDS_CN_202003.pdf,202003,Technical Data Sheet,Efka FA 4610_TDS_EN_202003.pdf,202003
,ED2,30675636,Efka® FA 4611,技术说明书,Efka FA 4611_TDS_CN_202003.pdf,202003,Technical Data Sheet,Efka FA 4611_TDS_EN_202003.pdf,202003
,ED2,30631782,Efka® FA 4620 AN,技术说明书,Efka FA 4620 AN_TDS_CN_202003.pdf,202003,Technical Data Sheet,Efka FA 4620_TDS_EN_202003.pdf,202003
,ED2,30631603,Efka® FA 4644 AN,技术说明书,Efka FA 4644 AN_TDS_CN_202003.pdf,202003,Technical Data Sheet,Efka FA 4644_TDS_EN_202003.pdf,202003
,ED2,30605041,Efka® FA 4654 AN,技术说明书,Efka FA 4654 AN_TDS_CN_202003.pdf,202003,Technical Data Sheet,Efka FA 4654_TDS_EN_202003.pdf,202003
,ED2,30631871,Efka® FA 4663 AN,技术说明书,Efka FA 4663 AN_TDS_CN_202003.pdf,202003,Technical Data Sheet,Efka FA 4663_TDS_EN_202003.pdf,202003
,ED2,30472104,Efka® FA 4665,技术说明书,Efka FA 4665_TDS_CN_202003.pdf,202003,Technical Data Sheet,Efka FA 4665_TDS_EN_202003.pdf,202003
,ED2,30439726,Efka® FA 4666,技术说明书,Efka FA 4666_TDS_CN_202003.pdf,202003,Technical Data Sheet,Efka FA 4666_TDS_EN_202003.pdf,202003
,ED2,30566609,Efka® FL 3600,技术说明书,Efka FL 3600_TDS_CN_202003.pdf,202003,Technical Data Sheet,Efka FL 3600_TDS_EN_202003.pdf,202003
,ED2,30480125,Efka® FL 3670,技术说明书,Efka FL 3670_TDS_CN_202003.pdf,202003,Technical Data Sheet,Efka FL 3670_TDS_EN_202003.pdf,202003
,ED2,30648525,Efka® FL 3740 EH,技术说明书,Efka FL 3740_TDS_CN_202003.pdf,202003,Technical Data Sheet,Efka FL 3740 EH_TDS_EN_202003.pdf,202003
,ED2,30531100,Efka® FL 3741,技术说明书,Efka FL 3741_TDS_CN_202003.pdf,202003,Technical Data Sheet,Efka FL 3741_TDS_EN_202003.pdf,202003
,ED2,30743821,Efka® FL 3750,技术说明书,Efka FL 3750_TDS_CN_202003.pdf,202003,Technical Data Sheet,Efka FL 3750_TDS_EN_202003.pdf,202003
,ED2,30744984,Efka® FL 3755,技术说明书,Efka FL 3755_TDS_CN_202003.pdf,202003,Technical Data Sheet,Efka FL 3755_TDS_EN_202003.pdf,202003
,ED2,30562490,Efka® FL 3772,技术说明书,Efka FL 3772 TDS_CN_202003.pdf,202003,Technical Data Sheet,Efka FL 3772_TDS_EN_202003.pdf,202003
,ED2,30655263,Efka® FL 3776,技术说明书,,,Technical Data Sheet,Efka FL 3776_TDS_EN_202003.pdf,202003
,ED2,30525303,Efka® FL 3777,技术说明书,Efka FL 3777_TDS_CN_202003.pdf,202003,Technical Data Sheet,Efka FL 3777_TDS_EN_202003.pdf,202003
,ED2,30529313,Efka® IO 6779,技术说明书,Efka IO 6779_TDS_CN_202003.pdf,202003,Technical Data Sheet,Efka IO 6779_TDS_EN_202003.pdf,202003
,ED2,30472105,Efka® IO 6782,技术说明书,Efka IO 6782_TDS_CN_202003.pdf,202003,Technical Data Sheet,Efka IO 6782_TDS_EN_202003.pdf,202003
,ED2,30712686,Efka® MI 6180,技术说明书,,,Technical Data Sheet,,
,ED2,30472103,Efka® PA 4401,技术说明书,Efka PA 4401_TDS_CN_202003.pdf,202003,Technical Data Sheet,Efka PA 4401_TDS_EN_202003.pdf,202003
,ED2,30529213,Efka® PA 4450,技术说明书,Efka PA 4450_TDS_CN_202003.pdf,202003,Technical Data Sheet,Efka PA 4450_TDS_EN_202003.pdf,202003
,ED2,30634458,Efka® PB 2001 AN,技术说明书,Efka PB 2001 AN_TDS_CN_202003.pdf,202003,Technical Data Sheet,Efka PB 2001_TDS_EN_202003.pdf,202003
,ED2,30605159,Efka® PB 2020 AN,技术说明书,Efka PB 2020 AN_TDS_CN_202003.pdf,202003,Technical Data Sheet,Efka PB 2020_TDS_EN_202003.pdf,202003
,ED2,30605073,Efka® PB 2720 AN,技术说明书,Efka PB 2720 AN_TDS_CN_202003.pdf,202003,Technical Data Sheet,Efka PB 2720_TDS_EN_202003.pdf,202003
,ED2,30640129,Efka® PB 2744,技术说明书,Efka PB 2744_TDS_CN_202003.pdf,202003,Technical Data Sheet,Efka PB 2744_TDS_EN_202003.pdf,202003
,ED2,30603945,Efka® PL 5381 AT,技术说明书,Efka PL 5381_TDS_CN_202003.pdf,202003,Technical Data Sheet,,
,ED2,30535705,Efka® PL 5382,技术说明书,Efka PL 5382_TDS_CN_202003.pdf,202003,Technical Data Sheet,Efka PL 5382_TDS_EN_202003.pdf,202003
,ED2,30605039,Efka® PU 4010 AN,技术说明书,Efka PU 4010 AN_TDS_CN_202003.pdf,202003,Technical Data Sheet,Efka PU 4010_TDS_EN_202003.pdf,202003
,ED2,30631874,Efka® PU 4015 AN,技术说明书,Efka PU 4015 AN_TDS_CN_202003.pdf,202003,Technical Data Sheet,Efka PU 4015_TDS_EN_202003.pdf,202003
,ED2,30631866,Efka® PU 4020 AN,技术说明书,Efka PU 4020 AN_TDS_CN_202003.pdf,202003,Technical Data Sheet,Efka PU 4020_TDS_EN_202003.pdf,202003
,ED2,30631695,Efka® PU 4047 AN,技术说明书,Efka PU 4047 AN_TDS_CN_202003.pdf,202003,Technical Data Sheet,Efka PU 4047_TDS_EN_202003.pdf,202003
,ED2,30605028,Efka® PU 4050 AN,技术说明书,Efka PU 4050 AN_TDS_CN_202003.pdf,202003,Technical Data Sheet,Efka PU 4050_TDS_EN_202003.pdf,202003
,ED2,30478751,Efka® PU 4061,技术说明书,Efka PU 4061_TDS_CN_202003.pdf,202003,Technical Data Sheet,Efka PU 4061_TDS_EN_202003.pdf,202003
,ED2,30631873,Efka® PU 4063 AN,技术说明书,Efka PU 4063 AN_TDS_CN_202003.pdf,202003,Technical Data Sheet,Efka PU 4063_TDS_EN_202003.pdf,202003
,ED2,30474157,Efka® PX 4300,技术说明书,Efka PX 4300_TDS_CN_202003.pdf,202003,Technical Data Sheet,Efka PX 4300_TDS_EN_202003.pdf,202003
,ED2,30479495,Efka® PX 4310,技术说明书,Efka PX 4310_TDS_CN_202003.pdf,202003,Technical Data Sheet,Efka PX 4310_TDS_EN_202003.pdf,202003
,ED2,30479563,Efka® PX 4320,技术说明书,Efka PX 4320 _TDS_CN_202003.pdf,202003,Technical Data Sheet,Efka PX 4320_TDS_EN_202003.pdf,202003
,ED2,30474151,Efka® PX 4330,技术说明书,Efka PX 4330_TDS_CN_202003.pdf,202003,Technical Data Sheet,Efka PX 4330_TDS_EN_202003.pdf,202003
,ED2,30476257,Efka® PX 4340,技术说明书,Efka PX 4340_TDS_CN_202003.pdf,202003,Technical Data Sheet,Efka PX 4340_TDS_EN_202003.pdf,202003
,ED2,30584163,Efka® PX 4350,技术说明书,Efka PX 4350_TDS_CN_202003.pdf,202003,Technical Data Sheet,Efka PX 4350_TDS_EN_202003.pdf,202003
,ED2,30480247,Efka® PX 4701,技术说明书,Efka PX 4701_TDS_CN_202003.pdf,202003,Technical Data Sheet,Efka PX 4701_TDS_EN_202003.pdf,202003
,ED2,30557186,Efka® PX 4703,技术说明书,Efka PX 4703_TDS_CN_202003.pdf,202003,Technical Data Sheet,Efka PX 4703_TDS_EN_202003.pdf,202003
,ED2,30541964,Efka® PX 4732,技术说明书,Efka PX 4732_TDS_CN_202003.pdf,202003,Technical Data Sheet,Efka PX 4732_TDS_EN_202003.pdf,202003
,ED2,30650354,Efka® PX 4733,技术说明书,Efka PX 4733_TDS_CN_202003.pdf,202003,Technical Data Sheet,Efka PX 4733_TDS_EN_202003.pdf,202003
,ED2,30718944,Efka® PX 4753,技术说明书,Efka PX 4753_TDS_CN_202003.pdf,202003,Technical Data Sheet,Efka PX 4753_TDS_EN_202003.pdf,202003
,ED2,30688721,Efka® PX 4780,技术说明书,Efka PX 4780_TDS_CN_202003.pdf,202003,Technical Data Sheet,Efka PX 4780_TDS_EN_202003.pdf,202003
,ED2,30530797,Efka® RM 1900,技术说明书,Efka RM 1900_TDS_CN_202003.pdf,202003,Technical Data Sheet,Efka RM 1900_TDS_EN_202003.pdf,202003
,ED2,30529230,Efka® RM 1920,技术说明书,Efka RM 1920_TDS_CN_202003.pdf,202003,Technical Data Sheet,Efka RM 1920_TDS_EN_202003.pdf,202003
,ED2,30482000,Efka® SI 2022,技术说明书,Efka SI 2022_TDS_CN_202003.pdf,202003,Technical Data Sheet,Efka SI 2022_TDS_EN_202003.pdf,202003
,ED2,30481752,Efka® SI 2040,技术说明书,Efka SI 2040_TDS_CN_202003.pdf,202003,Technical Data Sheet,Efka SI 2040_TDS_EN_202003.pdf,202003
,ED2,30354307,Efka® SI 2722,技术说明书,Efka SI 2722_TDS_CN_202003.pdf,202003,Technical Data Sheet,Efka SI 2722_TI_EN_202003.pdf,202003
,ED2,30474506,Efka® SI 2741,技术说明书,Efka SI 2741_TDS_CN_202003.pdf,202003,Technical Data Sheet,Efka SI 2741_TDS_EN_202003.pdf,202003
,ED2,30477917,Efka® SL 3030,技术说明书,Efka SL 3030_TDS_CN_202003.pdf,202003,Technical Data Sheet,Efka SL 3030_TDS_EN_202003.pdf,202003
,ED2,30483148,Efka® SL 3031,技术说明书,Efka SL 3031_TDS_CN_202003.pdf,202003,Technical Data Sheet,Efka SL 3031_TDS_EN_202003.pdf,202003
,ED2,30482120,Efka® SL 3033,技术说明书,Efka SL 3033_TDS_CN_202003.pdf,202003,Technical Data Sheet,Efka SL 3033_TDS_EN_202003.pdf,202003
,ED2,30570648,Efka® SL 3034,技术说明书,Efka SL 3034_TDS_CN_202003.pdf,202003,Technical Data Sheet,Efka SL 3034_TDS_EN_202003.pdf,202003
,ED2,30483525,Efka® SL 3035,技术说明书,Efka SL 3035_TDS_CN_202003.pdf,202003,Technical Data Sheet,Efka SL 3035_TDS_EN_202003.pdf,202003
,ED2,30472097,Efka® SL 3239,技术说明书,Efka SL 3239_TDS_CN_202003.pdf,202003,Technical Data Sheet,Efka SL 3239_TDS_EN_202003.pdf,202003
,ED2,30535828,Efka® SL 3257,技术说明书,Efka SL 3257_TDS_CN_202003.pdf,202003,Technical Data Sheet,,
,ED2,30536726,Efka® SL 3258,技术说明书,Efka SL 3258_TDS_CN_202003.pdf,202003,Technical Data Sheet,Efka SL 3258_TDS_EN_202003.pdf,202003
,ED2,30537790,Efka® SL 3259,技术说明书,Efka SL 3259_TDS_CN_202003.pdf,202003,Technical Data Sheet,Efka SL 3259_TDS_EN_202003.pdf,202003
,ED2,30475714,Efka® SL 3288,技术说明书,Efka SL 3288_TDS_CN_202003.pdf,202003,Technical Data Sheet,Efka SL 3288_TDS_EN_202003.pdf,202003
,ED2,30482705,Efka® SL 3299,技术说明书,Efka SL 3299_TDS_CN_202003.pdf,202003,Technical Data Sheet,Efka SL 3299_TDS_EN_202003.pdf,202003
,ED2,30482424,Efka® SL 3883,技术说明书,Efka SL 3883_TDS_CN_202003.pdf,202003,Technical Data Sheet,Efka SL 3883_TDS_EN_202003.pdf,202003
,ED2,30729269,Foamaster® MO 2111 AG,技术说明书,Foamaster MO 2111 AG_TDS_CN_202003.pdf,202003,Technical Data Sheet,Foamaster MO 2111_TDS_EN_202003.pdf,202003
,ED2,30729268,Foamaster® MO 2134 AG,技术说明书,Foamaster MO 2134 AG_TDS_CN_202003.pdf,202003,Technical Data Sheet,Foamaster MO 2134_TDS_EN_202003.pdf,202003
,ED2,30574547,Foamaster® MO 2150 AC,技术说明书,Foamaster MO 2150 AG_TDS_CN_202003.pdf,202003,Technical Data Sheet,Foamaster MO 2150_TDS_EN_202003.pdf,202003
,ED2,30678502,Foamaster® MO 2160,技术说明书,Foamaster MO 2160_TDS_CN_202003.pdf,202003,Technical Data Sheet,,
,ED2,30530585,Foamaster® MO 2190,技术说明书,Foamaster MO 2190_TDS_CN_202003.pdf,202003,Technical Data Sheet,Foamaster MO 2190_TDS_EN_202003.pdf,202003
,ED2,30678243,Foamaster® MO 2190 AG,技术说明书,Foamaster MO 2190 AG_TDS_CN_202003.pdf,202003,Technical Data Sheet,,
,ED2,30730953,Foamaster® MO NDW AG,技术说明书,Foamaster MO NDW AG_TDS_CN_202003.pdf,202003,Technical Data Sheet,Foamaster MO NDW_TDS_EN_202003.pdf,202003
,ED2,30725002,Foamaster® MO NXZ AG,技术说明书,Foamaster MO NXZ AG_TDS_CN_202003.pdf,202003,Technical Data Sheet,Foamaster MO NXZ_TDS_EN_202003.pdf,202003
,ED2,30536804,FoamStar® ED 2521,技术说明书,FoamStar ED 2521_TDS_CN_202003.pdf,202003,Technical Data Sheet,FoamStar ED 2521_TDS_EN_202003.pdf,202003
,ED2,30693620,FoamStar® ED 2522 AG,技术说明书,FoamStar ED 2522_TDS_CN_202003.pdf,202003,Technical Data Sheet,FoamStar ED 2522_TDS_EN_202003.pdf,202003
,ED2,30564243,FoamStar® ED 2523,技术说明书,FoamStar ED 2523_TDS_CN_202003.pdf,202003,Technical Data Sheet,FoamStar ED 2523_TDS_EN_202003.pdf,202003
,ED2,30529294,FoamStar® SI 2210,技术说明书,FoamStar SI 2210_TDS_CN_202003.pdf,202003,Technical Data Sheet,FoamStar SI 2210_TDS_EN_202003.pdf,202003
,ED2,30667091,FoamStar® SI 2240,技术说明书,FoamStar SI 2240_TDS_CN_202003.pdf,202003,Technical Data Sheet,FoamStar SI 2240_TDS_EN_202003.pdf,202003
,ED2,30428361,FoamStar® SI 2250,技术说明书,FoamStar SI 2250_TDS_CN_202003.pdf,202003,Technical Data Sheet,FoamStar SI 2250_TDS_EN_202003.pdf,202003
,ED2,30529223,FoamStar® SI 2292,技术说明书,FoamStar SI 2292_TDS_CN_202003.pdf,202003,Technical Data Sheet,FoamStar SI 2292_TDS_EN_202003.pdf,202003
,ED2,30537951,FoamStar® SI 2293,技术说明书,FoamStar SI 2293_TDS_CN_202003.pdf,202003,Technical Data Sheet,FoamStar SI 2293_TDS_EN_202003.pdf,202003
,ED2,30665394,FoamStar® SI 2299,技术说明书,FoamStar SI 2299_TDS_CN_202003.pdf,202003,Technical Data Sheet,FoamStar SI 2299_TDS_EN_202003.pdf,202003
,ED2,30533549,FoamStar® ST 2400,技术说明书,FoamStar ST 2400_TDS_CN_202003.pdf,202003,Technical Data Sheet,FoamStar ST 2400_TDS_EN_202003.pdf,202003
,ED2,30678247,FoamStar® ST 2410 AG,技术说明书,FoamStar ST 2410 AG_TDS_CN_202003.pdf,202003,Technical Data Sheet,FoamStar ST 2410_TDS_EN_202003.pdf,202003
,ED2,30535109,FoamStar® ST 2412,技术说明书,FoamStar ST 2412_TDS_CN_202003.pdf,202003,Technical Data Sheet,FoamStar ST 2412_TDS_EN_202003.pdf,202003
,ED2,30694953,FoamStar® ST 2437,技术说明书,FoamStar ST 2437_TDS_CN_202003.pdf,202003,Technical Data Sheet,,
,ED2,30535114,FoamStar® ST 2438,技术说明书,FoamStar ST 2438_TDS_CN_202003.pdf,202003,Technical Data Sheet,FoamStar ST 2438_TDS_EN_202003.pdf,202003
,ED2,30529216,FoamStar® ST 2454,技术说明书,FoamStar ST 2454_TDS_CN_202003.pdf,202003,Technical Data Sheet,FoamStar ST 2454_TDS_EN_202003.pdf,202003
,ED2,30703572,Hydropalat® FL 3635,技术说明书,,,Technical Data Sheet,,
,ED2,30655039,Hydropalat® SL 3682,技术说明书,Hydropalat SL 3682_TDS_CN_202003.pdf,202003,Technical Data Sheet,Hydropalat SL 3682_TDS_EN_202003.pdf,202003
,ED2,30528521,Hydropalat® WE 3120,技术说明书,Hydropalat WE 3120_TDS_CN_202003.pdf,202003,Technical Data Sheet,Hydropalat WE 3120_TDS_EN_202003.pdf,202003
,ED2,30628507,Hydropalat® WE 3165,技术说明书,Hydropalat WE 3165_TDS_CN_202003.pdf,202003,Technical Data Sheet,Hydropalat WE 3165_TDS_EN_202003.pdf,202003
,ED2,30602000,Hydropalat® WE 3188,技术说明书,,,Technical Data Sheet,,
,ED2,30585150,Hydropalat® WE 3189,技术说明书,Hydropalat WE 3189_TDS_CN_202003.pdf,202003,Technical Data Sheet,Hydropalat WE 3189_TDS_EN_202003.pdf,202003
,ED2,30626989,Hydropalat® WE 3220,技术说明书,Hydropalat WE 3220_TDS_CN_202003.pdf,202003,Technical Data Sheet,Hydropalat WE 3220_TDS_EN_202003.pdf,202003
,ED2,30626990,Hydropalat® WE 3221,技术说明书,Hydropalat WE 3221_TDS_CN_202003.pdf,202003,Technical Data Sheet,Hydropalat WE 3221_TDS_EN_202003.pdf,202003
,ED2,30720461,Hydropalat® WE 3225,技术说明书,Hydropalat WE 3225_TDS_CN_202003.pdf,202003,Technical Data Sheet,Hydropalat WE 3225_TDS_EN_202003.pdf,202003
,ED2,30534876,Hydropalat® WE 3322,技术说明书,Hydropalat WE 3322 TDS_CN_202003.pdf,202003,Technical Data Sheet,Hydropalat WE 3322_TDS_EN_202003.pdf,202003
,ED2,30534896,Hydropalat® WE 3323,技术说明书,Hydropalat WE 3323 TDS_CN_202003.pdf,202003,Technical Data Sheet,Hydropalat WE 3323_TDS_EN_202003.pdf,202003
,ED2,30581213,Hydropalat® WE 3370,技术说明书,Hydropalat WE 3370_TDS_CN_202003.pdf,202003,Technical Data Sheet,Hydropalat WE 3370_TDS_EN_202003.pdf,202003
,ED2,30529335,Hydropalat® WE 3475,技术说明书,Hydropalat WE 3475_TDS_CN_202003.pdf,202003,Technical Data Sheet,Hydropalat WE 3475_TDS_EN_202003.pdf,202003
,ED2,30533734,Hydropalat® WE 3477,技术说明书,,,Technical Data Sheet,,
,ED2,30531172,Hydropalat® WE 3485,技术说明书,Hydropalat WE 3485_TDS_CN_202003.pdf,202003,Technical Data Sheet,Hydropalat WE 3485_TDS_EN_202003.pdf,202003
,ED2,30590853,Hydropalat® WE 3500,技术说明书,Hydropalat WE 3500_TDS_CN_202003.pdf,202003,Technical Data Sheet,Hydropalat WE 3500_TDS_EN_202003.pdf,202003
,ED2,30574083,Hydropalat® WE 3650,技术说明书,Hydropalat WE 3650_TDS_CN_202003.pdf,202003,Technical Data Sheet,Hydropalat WE 3650_TDS_EN_202003.pdf,202003
,ED2,30546642,Irgafos® 126 (ED),技术说明书,Irgafos 126_TDS_CN_202003.pdf,202003,Technical Data Sheet,Irgafos 126_TDS_EN_202003.pdf,202003
,ED2,30546656,Irgafos® 168 (ED),技术说明书,Irgafos 168_TDS_CN_202003.pdf,202003,Technical Data Sheet,Irgafos 168_TDS_EN_202003.pdf,202003
,ED2,30546637,Irganox® 1010 (ED),技术说明书,Irganox 1010_TDS_CN_202003.pdf,202003,Technical Data Sheet,Irganox 1010_TDS_EN_202003.pdf,202003
,ED2,30119547,Irganox® 1076,技术说明书,Irganox 1076_TDS_CN_202003.pdf,202003,Technical Data Sheet,Irganox 1076_TDS_EN_202003.pdf,202003
,ED2,30546641,Irganox® 1076 (ED),技术说明书,,,Technical Data Sheet,,
,ED2,30508779,Irganox® 1726,技术说明书,,,Technical Data Sheet,,
,ED2,30065709,Irganox® 245,技术说明书,Irganox 245_TDS_CN_202003.pdf,202003,Technical Data Sheet,Irganox 245_TDS_EN_202003.pdf,202003
,ED2,30054540,Irganox® B 225,技术说明书,Irganox B 225_TDS_CN_202003.pdf,202003,Technical Data Sheet,Irganox B 225_TDS_EN_202003.pdf,202003
,ED2,30229846,Irganox® PS 802 FL,技术说明书,,,Technical Data Sheet,,
,ED2,30482786,LIGNOSTAB 1198,技术说明书,Lignostab 1198_TDS_CN_202003.pdf,202003,Technical Data Sheet,Lignostab 1198_TDS_EN_202003.pdf,202003
,ED2,30041975,Loxanol® CA 5308,技术说明书,Loxanol CA 5308_TDS_CN_202003.pdf,202003,Technical Data Sheet,Loxanol CA 5308_TDS_EN_202003.pdf,202003
,ED2,30534880,Loxanol® CA 5310,技术说明书,Loxanol CA 5310_TDS_CN_202003.pdf,202003,Technical Data Sheet,Loxanol CA 5310_TDS_EN_202003.pdf,202003
,ED2,30528203,Loxanol® CA 5330,技术说明书,Loxanol CA 5330_TDS_CN_202003.pdf,202003,Technical Data Sheet,Loxanol CA 5330_TDS_EN_202003.pdf,202003
,ED2,30530452,Loxanol® MI 6627,技术说明书,Loxanol MI 6627_TDS_CN_202003.pdf,202003,Technical Data Sheet,Loxanol MI 6627_TDS_EN_202003.pdf,202003
,ED2,30564790,Loxanol® MI 6730,技术说明书,Loxanol MI 6730_TDS_CN_202003.pdf,202003,Technical Data Sheet,Loxanol MI 6730_TDS_EN_202003.pdf,202003
,ED2,30564879,Loxanol® MI 6735,技术说明书,Loxanol MI 6735_TDS_CN_202003.pdf,202003,Technical Data Sheet,Loxanol MI 6735_TDS_EN_202003.pdf,202003
,ED2,30041233,Loxanol® MI 6840,技术说明书,Loxanol MI 6840_TDS_CN_202003.pdf,202003,Technical Data Sheet,Loxanol MI 6840_TDS_EN_202003.pdf,202003
,ED2,30601044,Loxanol® OT 5853,技术说明书,Loxanol OT 5853_TDS_CN_202003.pdf,202003,Technical Data Sheet,Loxanol OT 5853_TDS_EN_202003.pdf,202003
,ED2,30041992,Loxanol® PL 5060,技术说明书,Loxanol PL 5060_TDS_CN_202003.pdf,202003,Technical Data Sheet,Loxanol PL 5060_TDS_EN_202003.pdf,202003
,ED2,30584782,Rheovis® AS 1125 AY,技术说明书,Rheovis AS 1125_TDS_CN_202003.pdf,202003,Technical Data Sheet,Rheovis AS 1125_TDS_EN_202003.pdf,202003
,ED2,30472829,Rheovis® AS 1130,技术说明书,Rheovis AS 1130_TDS_CN_202003.pdf,202003,Technical Data Sheet,Rheovis AS 1130_TDS_EN_202003.pdf,202003
,ED2,30738149,Rheovis® AS 1189,技术说明书,Rheovis AS 1189_TDS_CN_202003.pdf,202003,Technical Data Sheet,Rheovis AS 1189_TDS_EN_202003.pdf,202003
,ED2,30217084,Rheovis® AS 1956,技术说明书,Rheovis AS 1956_TDS_CN_202003.pdf,202003,Technical Data Sheet,Rheovis AS 1956_TDS_EN_202003.pdf,202003
,ED2,30483457,Rheovis® HS 1152,技术说明书,Rheovis HS 1152_TDS_CN_202003.pdf,202003,Technical Data Sheet,Rheovis HS 1152_TDS_EN_202003.pdf,202003
,ED2,30478951,Rheovis® HS 1162,技术说明书,Rheovis HS 1162_TDS_CN_202003.pdf,202003,Technical Data Sheet,Rheovis HS 1162_TDS_EN_202003.pdf,202003
,ED2,30485636,Rheovis® HS 1212,技术说明书,Rheovis HS 1212_TDS_CN_202003.pdf,202003,Technical Data Sheet,Rheovis HS 1212_TDS_EN_202003.pdf,202003
,ED2,30660377,Rheovis® HS 1303,技术说明书,Rheovis HS 1303_TDS_CN_202003.pdf,202003,Technical Data Sheet,Rheovis HS 1303_TDS_EN_202003.pdf,202003
,ED2,30537149,Rheovis® PE 1331,技术说明书,Rheovis PE 1331_TDS_CN_202003.pdf,202003,Technical Data Sheet,Rheovis PE 1331_TDS_EN_202003.pdf,202003
,ED2,30529286,Rheovis® PU 1190,技术说明书,Rheovis PU 1190_TDS_CN_202003.pdf,202003,Technical Data Sheet,Rheovis PU 1190_TDS_EN_202003 .pdf,202003
,ED2,30537489,Rheovis® PU 1191,技术说明书,Rheovis PU 1191_TDS_CN_202003.pdf,202003,Technical Data Sheet,Rheovis PU 1191_TDS_EN_202003.pdf,202003
,ED2,30529274,Rheovis® PU 1214,技术说明书,Rheovis PU 1214_TDS_CN_202003.pdf,202003,Technical Data Sheet,Rheovis PU 1214_TDS_EN_202003.pdf,202003
,ED2,30617747,Rheovis® PU 1250 NC,技术说明书,Rheovis PU 1250_TDS_CN_202003.pdf,202003,Technical Data Sheet,Rheovis PU 1250_TDS_EN_202003.pdf,202003
,ED2,30534678,Rheovis® PU 1251,技术说明书,,,Technical Data Sheet,,
,ED2,30539264,Rheovis® PU 1291,技术说明书,Rheovis PU 1291_TDS_CN_202003.pdf,202003,Technical Data Sheet,Rheovis PU 1291_TDS_EN_202003.pdf,202003
,ED2,30537731,Rheovis® PU 1331,技术说明书,Rheovis PU 1331_ TDS_CN_202003.pdf,202003,Technical Data Sheet,Rheovis PU 1331_TDS_EN_202003.pdf,202003
,ED2,30644480,Rheovis® PU 1341,技术说明书,Rheovis PU 1341_TDS_CN_202003.pdf,202003,Technical Data Sheet,Rheovis PU 1341_TDS_EN_202003.pdf,202003
,ED2,30071730,Rheovis® VP 1231,技术说明书,Rheovis VP 1231_ TDS_CN_202003.pdf,202003,Technical Data Sheet,Rheovis VP 1231_TDS_EN_202003.pdf,202003
,ED2,30425316,TINOPAL NFW LIQ.,技术说明书,Tinopal NFW LIQ_TDS_CN_202003.pdf,202003,Technical Data Sheet,Tinopal NFW LIQ_TDS_EN_202003.pdf,202003
,ED2,30508888,TINOPAL OB CO,技术说明书,Tinopal OB CO_TDS_CN_202003.pdf,202003,Technical Data Sheet,Tinopal OB CO_TDS_EN_202003.pdf,202003
,ED2,30474777,TINOPAL SFP,技术说明书,Tinopal SFP_TDS_CN_202003.pdf,202003,Technical Data Sheet,Tinopal SFP_TDS_EN_202003.pdf,202003
,ED2,30487023,Tinuvin® 111 FDL,技术说明书,,,Technical Data Sheet,,
,ED2,30080322,Tinuvin® 1130,技术说明书,Tinuvin 1130_TDS_CN_202003.pdf,202003,Technical Data Sheet,Tinuvin 1130_TDS_EN_202003.pdf,202003
,ED2,30486716,Tinuvin® 123,技术说明书,Tinuvin 123_TDS_CN_202003.pdf,202003,Technical Data Sheet,Tinuvin 123 _TDS_EN_202003.pdf,202003
,ED2,30659874,Tinuvin® 123-DW (N),技术说明书,Tinuvin 123 DW (N)_TDS_CN_202003.pdf,202003,Technical Data Sheet,Tinuvin 123 DW (N)_TDS_EN_202003.pdf,202003
,ED2,30472143,Tinuvin® 152,技术说明书,Tinuvin 152_TDS_CN_202003.pdf,202003,Technical Data Sheet,Tinuvin 152_TDS_EN_202003.pdf,202003
,ED2,30598591,Tinuvin® 249,技术说明书,Tinuvin 249_TDS_CN_202003.pdf,202003,Technical Data Sheet,Tinuvin 249_TDS_EN_202003.pdf,202003
,ED2,30671833,Tinuvin® 249-DW (N),技术说明书,,,Technical Data Sheet,,
,ED2,30094960,Tinuvin® 292,技术说明书,Tinuvin 292 _TDS_CN_202003.pdf,202003,Technical Data Sheet,Tinuvin 292 _TDS_EN_202003.pdf,202003
,ED2,30193877,Tinuvin® 292 HP,技术说明书,Tinuvin 292 HP TDS_CN_202003.pdf,202003,Technical Data Sheet,Tinuvin 292 HP_TDS_EN_202003.pdf,202003
,ED2,30602382,Tinuvin® 326 (ED),技术说明书,Tinuvin 326_TDS_CN_202003.pdf,202003,Technical Data Sheet,Tinuvin 326_TDS_EN_202003.pdf,202003
,ED2,30074902,Tinuvin® 328,技术说明书,,,Technical Data Sheet,,
,ED2,30484350,Tinuvin® 384-2,技术说明书,Tinuvin 384-2 _TDS_CN_202003.pdf,202003,Technical Data Sheet,Tinuvin 384-2_TDS_EN_202003.pdf,202003
,ED2,30092124,Tinuvin® 400,技术说明书,Tinuvin 400_ TDS_CN_EN_202003.pdf,202003,Technical Data Sheet,Tinuvin 400_TDS_EN_202003.pdf,202003
,ED2,30660217,Tinuvin® 400-DW (N),技术说明书,Tinuvin 400 DW (N) _TDS_CN_202003.pdf,202003,Technical Data Sheet,Tinuvin 400 DW (N)_TDS_EN_202003.pdf,202003
,ED2,30483787,Tinuvin® 405,技术说明书,Tinuvin 405_TDS_CN_202003.pdf,202003,Technical Data Sheet,Tinuvin 405_TDS_EN_202003.pdf,202003
,ED2,30474950,Tinuvin® 460,技术说明书,Tinuvin 460_ TDS_CN_202003.pdf,202003,Technical Data Sheet,Tinuvin 460_TDS_EN_202003.pdf,202003
,ED2,30479065,Tinuvin® 477,技术说明书,Tinuvin 477_TDS_CN_202003.pdf,202003,Technical Data Sheet,Tinuvin 477_TDS_EN_202003.pdf,202003
,ED2,30661158,Tinuvin® 477-DW (N),技术说明书,Tinuvin 477 DW (N) TDS_CN_202003.pdf,202003,Technical Data Sheet,Tinuvin 477 DW (N)_TDS_EN_202003.pdf,202003
,ED2,30481590,Tinuvin® 479,技术说明书,Tinuvin 479_TDS_CN_202003.pdf,202003,Technical Data Sheet,Tinuvin 479_TDS_EN_202003.pdf,202003
,ED2,30668409,Tinuvin® 479-DW (N),技术说明书,Tinuvin 479 DW (N) _TDS_CN_202003.pdf,202003,Technical Data Sheet,Tinuvin 479 DW (N)_TDS_EN_202003.pdf,202003
,ED2,30482701,Tinuvin® 5050,技术说明书,Tinuvin 5050 _TDS_CN_202003.pdf,202003,Technical Data Sheet,Tinuvin 5050_TDS_EN_202003.pdf,202003
,ED2,30472145,Tinuvin® 5060,技术说明书,Tinuvin 5060_TDS_CN_202003.pdf,202003,Technical Data Sheet,Tinuvin 5060_TDS_EN_202003.pdf,202003
,ED2,30474982,Tinuvin® 5100,技术说明书,Tinuvin 5100 _TDS_CN_202003.pdf,202003,Technical Data Sheet,Tinuvin 5100_TDS_EN_202003.pdf,202003
,ED2,30472146,Tinuvin® 5151,技术说明书,Tinuvin 5151_TDS_CN_202003.pdf,202003,Technical Data Sheet,Tinuvin 5151_TDS_EN_202003.pdf,202003
,ED2,30265919,Tinuvin® 5248,技术说明书,Tinuvin 5248_TDS_CN_202003.pdf,202003,Technical Data Sheet,Tinuvin 5248_TDS_EN_202003.pdf,202003
,ED2,30648724,Tinuvin® 5333-DW (N),技术说明书,Tinuvin 5333 DW (N)_TDS_CN_202003.pdf,202003,Technical Data Sheet,Tinuvin 5333 DW (N)_TDS_EN_202003.pdf,202003
,ED2,30479105,Tinuvin® 5341,技术说明书,,,Technical Data Sheet,,
,ED2,30546638,Tinuvin® 770 DF (ED),技术说明书,Tinuvin 770 DF_TDS_CN_202003.pdf,202003,Technical Data Sheet,Tinuvin 770_DF_TDS_EN_202003.pdf,202003
,ED2,30472149,Tinuvin® 900,技术说明书,Tinuvin 900 _TDS_CN_202003.pdf,202003,Technical Data Sheet,Tinuvin 900_TDS_EN_202003.pdf,202003
,ED2,30092123,Tinuvin® 928,技术说明书,Tinuvin 928_TDS_CN_202003.pdf,202003,Technical Data Sheet,Tinuvin 928_TDS_EN_202003.pdf,202003
,ED2,30657387,Tinuvin® 970,技术说明书,,,Technical Data Sheet,,
,ED2,30482075,Tinuvin® 99-2,技术说明书,,,Technical Data Sheet,,
,ED2,30663417,Tinuvin® 9945-DW (N),技术说明书,Tinuvin 9945 DW (N) TDS_CN_202003.pdf,202003,Technical Data Sheet,Tinuvin 9945 DW (N) TDS_EN_202003.pdf,202003
,ED2,30498901,Tinuvin® B 75,技术说明书,,,Technical Data Sheet,,
,ED2,30483872,Tinuvin® CARBOPROTECT,技术说明书,Tinuvin CarboProtect_TDS_CN_202003.pdf,202003,Technical Data Sheet,Tinuvin CarboProtect_TDS_EN_202003.pdf,202003
,ED2,30737852,Foamaster® WO 2360,技术说明书,Foamaster WO 2360_TDS EN_202003.pdf,202003,Technical Data Sheet,Foamaster WO 2360_TDS_CN_202003.pdf,202003
